フレーバー名,ブランド,フレーバー呼称①
DEBAJ(デバジ) Amarula アマルーラ 50g,DEBAJ,アマルーラ
DEBAJ(デバジ) Bounty バウンティー 50g,DEBAJ,バウンティー
DEBAJ(デバジ) Guava グァバ 50g,DEBAJ,グァバ
DEBAJ(デバジ) Gum Mint ガムミント 50g,DEBAJ,ガムミント
DEBAJ(デバジ) Ice Cactus Grapefruit アイスカクタスグレープフルーツ 50g,DEBAJ,アイスカクタスグレープフルーツ
DEBAJ(デバジ) Ice Orange Cream アイスオレンジクリーム 50g,DEBAJ,アイスオレンジクリーム
DEBAJ(デバジ) Ice Spicy Cola アイススパイシーコーラ 50g,DEBAJ,アイススパイシーコーラ
DEBAJ(デバジ) Lime Cake ライムケーキ 50g,DEBAJ,ライムケーキ
DEBAJ(デバジ) Milk ミルク 50g,DEBAJ,ミルク
DEBAJ(デバジ) Pan Rasna パンラズナ 50g,DEBAJ,パンラズナ
DEBAJ(デバジ) Brazilliana 50g,DEBAJ,ブラジリアーナ
DEBAJ(デバジ) Cactus 50g,DEBAJ,カクタス
DEBAJ(デバジ) Cardamon 50g,DEBAJ,カルダモン
DEBAJ(デバジ) Cardamon Milk 50g,DEBAJ,カルダモンミルク
DEBAJ(デバジ) Cola 50g,DEBAJ,コーラ
DEBAJ(デバジ) Green lemon 50g,DEBAJ,グリーン レモン
DEBAJ(デバジ) Ice Babalou 50g,DEBAJ,アイス babalou
DEBAJ(デバジ) mojito 50g,DEBAJ,モヒート
DEBAJ(デバジ) Raspberry 50g,DEBAJ,ラズベリー
DEBAJ(デバジ) Two Apple 50g,DEBAJ,トゥーアップル
DEBAJ(デバジ) Energy Drink,DEBAJ,エナジー drink
DEBAJ(デバジ) Sea Mint,DEBAJ,sea ミント
DEBAJ(デバジ) love night,DEBAJ,【要確認】
DEBAJ(デバジ) two lemon,DEBAJ,two レモン
DEBAJ(デバジ) Blueberry,DEBAJ,ブルーベリー
DEBAJ(デバジ) Coffee Milk,DEBAJ,コーヒー ミルク
DEBAJ(デバジ) Ice Grapefruit,DEBAJ,アイス グレープフルーツ
DEBAJ(デバジ) Peach Cream,DEBAJ,ピーチ クリーム
DEBAJ(デバジ) Zafran Pan,DEBAJ,【要確認】
DEBAJ(デバジ),DEBAJ,【要確認】
DEBAJ(デバジ),DEBAJ,【要確認】
DOZAJ(ドザジ) Acai アサイー 50g,DOZAJ,アサイー
DOZAJ(ドザジ) And The Ugly アンド・ザ・アグリー. 50g,DOZAJ,アンド・ザ・アグリー
DOZAJ(ドザジ) Angel Kiss エンジェルキッス 50g,DOZAJ,エンジェルキッス
DOZAJ(ドザジ) Banana Milkshake バナナミルクシェイク 50g,DOZAJ,バナナミルクシェイク
DOZAJ(ドザジ) Banana バナナ 50g,DOZAJ,バナナ
DOZAJ(ドザジ) Basil バジル 50g,DOZAJ,バジル
DOZAJ(ドザジ) Belgium Waffle ベルギーワッフル 50g 廃版,DOZAJ,ベルギーワッフル廃版
DOZAJ(ドザジ) Bergamot Tea ベルガモットティー 50g,DOZAJ,ベルガモットティー
DOZAJ(ドザジ) Black Currant ブラックカラント 50g,DOZAJ,ブラックカラント
DOZAJ(ドザジ) Black Tea ブラックティー 50g,DOZAJ,ブラックティー
DOZAJ(ドザジ) Blackberry ブラックベリー 50g,DOZAJ,ブラックベリー
DOZAJ(ドザジ) Blue Sky ブルースカイ 50g,DOZAJ,ブルースカイ
DOZAJ(ドザジ) Blueberry Lime Lychee ブルーベリーライムライチ 50g,DOZAJ,ブルーベリーライムライチ
DOZAJ(ドザジ) Brown Sugar ブラウンシュガー 50g,DOZAJ,ブラウンシュガー
DOZAJ(ドザジ) Brownie cherry ブラウニーチェリー 50g,DOZAJ,ブラウニーチェリー
DOZAJ(ドザジ) Cactus カクタス 50g,DOZAJ,カクタス
DOZAJ(ドザジ) Cappuccino カプチーノ 50g,DOZAJ,カプチーノ
DOZAJ(ドザジ) Caramel キャラメル 50g,DOZAJ,キャラメル
DOZAJ(ドザジ) Casablanca カサブランカ 50g,DOZAJ,カサブランカ
DOZAJ(ドザジ) Cherry チェリー 50g,DOZAJ,チェリー
DOZAJ(ドザジ) Chocolate チョコレート 50g,DOZAJ,チョコレート
DOZAJ(ドザジ) Cinnamon シナモン 50g,DOZAJ,シナモン
DOZAJ(ドザジ) Coconut ココナッツ 50g 廃版,DOZAJ,ココナッツ廃版
DOZAJ(ドザジ) Cotton Candy コットンキャンディ 50g,DOZAJ,コットンキャンディ
DOZAJ(ドザジ) Cuba Dream キューバドリーム 50g,DOZAJ,キューバドリーム
DOZAJ(ドザジ) Cucumber キューカンバー 50g,DOZAJ,キューカンバー
DOZAJ(ドザジ) Dead Sea デッドシー 50g,DOZAJ,デッドシー
DOZAJ(ドザジ) Dragon Fruit ドラゴンフルーツ 50g,DOZAJ,ドラゴンフルーツ
DOZAJ(ドザジ) Eternal エターナル 50g,DOZAJ,エターナル
DOZAJ(ドザジ) Fig フィグ 50g,DOZAJ,フィグ
DOZAJ(ドザジ) Fury Winter フューリーウィンター 50g 廃版,DOZAJ,フューリーウィンター廃版
DOZAJ(ドザジ) Ginger Coconut ジンジャーココナッツ 50g,DOZAJ,ジンジャーココナッツ
DOZAJ(ドザジ) Grape グレープ 50g,DOZAJ,グレープ
DOZAJ(ドザジ) Grapefruit グレープフルーツ 50g,DOZAJ,グレープフルーツ
DOZAJ(ドザジ) Green Mix グリーンミックス 50g,DOZAJ,グリーンミックス
DOZAJ(ドザジ) Guava グァバ 50g,DOZAJ,グァバ
DOZAJ(ドザジ) Gum ガム 50g,DOZAJ,ガム
DOZAJ(ドザジ) Hazelnut ヘーゼルナッツ 50g,DOZAJ,ヘーゼルナッツ
DOZAJ(ドザジ) Honey ハニー 50g,DOZAJ,ハニー
DOZAJ(ドザジ) Ice Cream Lemon アイスクリームレモン 50g,DOZAJ,アイスクリームレモン
DOZAJ(ドザジ) Ice アイス 50g,DOZAJ,アイス
DOZAJ(ドザジ) Jasmin ジャスミン 50g,DOZAJ,ジャスミン
DOZAJ(ドザジ) Kashmir カシミール 50g,DOZAJ,カシミール
DOZAJ(ドザジ) Killer Queen キラークイーン 50g,DOZAJ,キラークイーン
DOZAJ(ドザジ) Kruvasan Marmalade クロワッサンマーマレード 50g,DOZAJ,クロワッサンマーマレード
DOZAJ(ドザジ) Lemon レモン 50g,DOZAJ,レモン
DOZAJ(ドザジ) Lime ライム 50g,DOZAJ,ライム
DOZAJ(ドザジ) Linden Tea リンデンティー 50g,DOZAJ,リンデンティー
DOZAJ(ドザジ) Lovely ラブリー 50g,DOZAJ,ラブリー
DOZAJ(ドザジ) Lychee ライチ 50g,DOZAJ,ライチ
DOZAJ(ドザジ) Macaron Pink マカロンピンク 50g,DOZAJ,マカロンピンク
DOZAJ(ドザジ) Magic Smokeマジックスモーク 50g,DOZAJ,マジックスモーク
DOZAJ(ドザジ) Maracuja マラクジャ 50g,DOZAJ,マラクジャ
DOZAJ(ドザジ) Marshall マーシャル 50g,DOZAJ,マーシャル
DOZAJ(ドザジ) Melon メロン 50g,DOZAJ,メロン
DOZAJ(ドザジ) Milk ミルク 50g,DOZAJ,ミルク
DOZAJ(ドザジ) Mint ミント 50g,DOZAJ,ミント
DOZAJ(ドザジ) Nesquickly ネスクイックリー 50g,DOZAJ,ネスクイックリー
DOZAJ(ドザジ) Passion Fruit パッションフルーツ 50g,DOZAJ,パッションフルーツ
DOZAJ(ドザジ) Peanut Butter ピーナッツバター 50g,DOZAJ,ピーナッツバター
DOZAJ(ドザジ) Pear ペア 50g,DOZAJ,ペア
DOZAJ(ドザジ) Pineapple パイナップル 50g,DOZAJ,パイナップル
DOZAJ(ドザジ) Pink Lemonade ピンクレモネード 50g,DOZAJ,ピンクレモネード
DOZAJ(ドザジ) Plum プラム 50g,DOZAJ,プラム
DOZAJ(ドザジ) Pomegrande Yogurt ザクロヨーグルト 50g,DOZAJ,ザクロヨーグルト
DOZAJ(ドザジ) Pumpkin Cake パンプキンケーキ 50g,DOZAJ,パンプキンケーキ
DOZAJ(ドザジ) Pumpkin Spice Latte パンプキンスパイスラテ 50g,DOZAJ,パンプキンスパイスラテ
DOZAJ(ドザジ) Quience クインス 50g,DOZAJ,クインス
DOZAJ(ドザジ) Smoke Passion スモークパッション 50g,DOZAJ,スモークパッション
DOZAJ(ドザジ) Strawberry ストロベリー 50g,DOZAJ,ストロベリー
DOZAJ(ドザジ) Strawberry Yogurt ストロベリーヨーグルト 50g,DOZAJ,ストロベリーヨーグルト
DOZAJ(ドザジ) Sweet Night スウィートナイト 50g,DOZAJ,スウィートナイト
DOZAJ(ドザジ) Tangerine タンジェリン 50g,DOZAJ,タンジェリン
DOZAJ(ドザジ) The Bad ザ・バッド 50g,DOZAJ,ザ・バッド
DOZAJ(ドザジ) The Good ザ・グッド 50g,DOZAJ,ザ・グッド
DOZAJ(ドザジ) Twist ツイスト 50g,DOZAJ,ツイスト
DOZAJ(ドザジ) Two Apple ツーアップル 50g,DOZAJ,ツーアップル
DOZAJ(ドザジ) Vanilla バニラ 50g,DOZAJ,バニラ
DOZAJ(ドザジ) Waffle Caramel ワッフルキャラメル 50g,DOZAJ,ワッフルキャラメル
DOZAJ(ドザジ) Yellow Storm イエローストーム 50g,DOZAJ,イエローストーム
DOZAJ(ドザジ) Butter バター 50g,DOZAJ,バター
DOZAJ(ドザジ) Kiwi キウイ 50g,DOZAJ,キウイ
DOZAJ(ドザジ) Orange オレンジ 50g,DOZAJ,オレンジ
DOZAJ(ドザジ) Pancake パンケーキ 50g,DOZAJ,パンケーキ
DOZAJ(ドザジ) Popcorn ポップコーン 50g,DOZAJ,ポップコーン
DOZAJ(ドザジ) Almond アーモンド 50g,DOZAJ,アーモンド
DOZAJ(ドザジ) Biscuit ビスケット 50g,DOZAJ,ビスケット
DOZAJ(ドザジ) Blueberry ブルーベリー 50g,DOZAJ,ブルーベリー
DOZAJ(ドザジ) Cardamon カルダモン 50g,DOZAJ,カルダモン
DOZAJ(ドザジ) Gum Mastic ガムマスティック 50g,DOZAJ,ガムマスティック
DOZAJ(ドザジ) Kola コーラ 50g,DOZAJ,コーラ
DOZAJ(ドザジ) Pomegranate ザクロ 50g,DOZAJ,ザクロ
DOZAJ(ドザジ) Probis プロビス 50g,DOZAJ,プロビス
DOZAJ(ドザジ) Watermelon スイカ 50g,DOZAJ,スイカ
DOZAJ(ドザジ) Yogurt ヨーグルト 50g,DOZAJ,ヨーグルト
DOZAJ(ドザジ) Greentea グリーンティ 50g,DOZAJ,グリーンティ
DOZAJ(ドザジ) Mangoマンゴー 50g,DOZAJ,マンゴー
DOZAJ(ドザジ) Peach ピーチ 50g,DOZAJ,ピーチ
DOZAJ(ドザジ) Pistachio ピスタチオ 50g,DOZAJ,ピスタチオ
DOZAJ(ドザジ) Sesame セサミ 50g,DOZAJ,セサミ
DOZAJ(ドザジ) Yuzu ユズ 50g,DOZAJ,ユズ
Afzal ACAI BERRY アサイーベリー 50G,Afzal,アサイーベリー
Afzal BERRY BLAST ベリーブラスト 50G,Afzal,ベリーブラスト
Afzal CHOCOLATE チョコレート 50G,Afzal,チョコレート
Afzal COCO LEMONADE50g ココレモネード 50G,Afzal,ココレモネード
Afzal CRÈME CARAMEL クリームキャラメル 50G,Afzal,クリームキャラメル
Afzal EARL GREY アールグレイ 50G,Afzal,アールグレイ
Afzal GINGERELLE ジンジャエール 50G,Afzal,ジンジャエール
Afzal HAZELNUT CHOCOLATE ヘーゼルナッツチョコレート 50G,Afzal,ヘーゼルナッツチョコレート
Afzal HAZELNUT CREAM WAFFLE ヘーゼルナッツクリームワッフル 50G,Afzal,ヘーゼルナッツクリームワッフル
Afzal ICY GRAPEFRUIT アイスグレープフルーツ 50G,Afzal,アイスグレープフルーツ
Afzal ICY LEMON TEA アイスレモンティー 50G,Afzal,アイスレモンティー
AFZAL ICY MINT アイスミント 50G,Afzal,アイスミント
Afzal KIWI キウイ 50G,Afzal,キウイ
AFZAL LEMON FIZZ レモンフィズ 50G,Afzal,レモンフィズ
Afzal LEMON TEA レモンティー 50G,Afzal,レモンティー
Afzal LYCHEE ライチ 50G,Afzal,ライチ
Afzal MANGO LASSI マンゴーラッシー 50G,Afzal,マンゴーラッシー
Afzal MANGO SALSA マンゴーサルサ 50G,Afzal,マンゴーサルサ
Afzal PANRAS パンラス 50G,Afzal,パンラス
Afzal RED CHERRY レッドチェリー 50G,Afzal,レッドチェリー
Afzal SPECIAL PAN スペシャルパン 50G,Afzal,スペシャルパン
Afzal SWEET CORN スイートコーン 50G,Afzal,スイートコーン
Afzal KIWI 50g,Afzal,afzal キウイ
Afzal KIWI FUSION 50g,Afzal,afzal キウイ fusion
Afzal Kesar Pan 50g,Afzal,【要確認】
Afzal MASALA CHAI 50g,Afzal,【要確認】
Afzal MANGO 50g,Afzal,afzal マンゴー
Afzal BANARAS PAN 50g,Afzal,【要確認】
Afzal PAN FUSION 50g,Afzal,【要確認】
Afzal POMEGRANATE 50g,Afzal,【要確認】
afzv CHOCOLATE 50G,Afzal,afzv チョコレート
afzv PAN RAAS 50G,Afzal,【要確認】
afzv SPECAL PAN 50G,Afzal,【要確認】
Afzal CHOCO CRACKLE 50g,Afzal,【要確認】
Afzal GUM MASTIC 50g,Afzal,afzal ガム mastic
Afzal HONEY 50g,Afzal,afzal ハニー
Afzal JASMIN 50g,Afzal,【要確認】
Afzal LEBANESE BOMBSHELL 50g,Afzal,【要確認】
Afzal LEMON GRASS 50g,Afzal,afzal レモン grass
Afzal LIME-LEMON 50g,Afzal,afzal ライム-レモン
Afzal NATURAL SPRING WATER 50g,Afzal,【要確認】
Afzal PAN MASALA SUPREME 50g,Afzal,【要確認】
Afzal PASSION FRUIT 50g,Afzal,afzal パッションフルーツ
Afzal PLUM 50g,Afzal,afzal プラム
Afzal After Shock 50g,Afzal,【要確認】
Afzal Chief Commissioner 50g,Afzal,【要確認】
Afzal Creme Milk 50g,Afzal,afzal creme ミルク
Afzal Fennel Seed 50g,Afzal,【要確認】
Afzal Love 77 50g,Afzal,【要確認】
Afzal Natural Colonel Cigar 50g,Afzal,【要確認】
Afzal Russian Kick 50g,Afzal,【要確認】
Afzal Sweet Banana Milk 50g,Afzal,afzal sweet バナナ ミルク
Afzal PEACH ピーチ 50g,Afzal,ピーチ
TROY(トロイ) Blue Guava ブルーグアバ 50g,TROY,ブルーグアバ
TROY(トロイ) Anise アニス 50g,TROY,アニス
TROY(トロイ) Ice Cola アイスコーラ 50g,TROY,アイスコーラ
TROY(トロイ) Ice Banana アイスバナナ 50g,TROY,アイスバナナ
TROY(トロイ) Cappucino カプチーノ 50g,TROY,カプチーノ
TROY(トロイ) Baklava バクラバ 50g,TROY,バクラバ
TROY(トロイ) Special Blueberry スペシャルブルーベリー 50g,TROY,スペシャルブルーベリー
TROY(トロイ) Honey Milk ハニーミルク 50g,TROY,ハニーミルク
TROY(トロイ) Lemon Biscuit レモンビスケット 50g,TROY,レモンビスケット
TROY(トロイ) Melon Milk メロンミルク 50g,TROY,メロンミルク
TROY(トロイ) Banana Milk バナナミルク 50g,TROY,バナナミルク
TROY(トロイ) Bergamot Breeze ベルガモットブリーズ 50g,TROY,ベルガモットブリーズ
TROY(トロイ) Mint ミント 50g,TROY,ミント
TROY(トロイ) Golden Orange ゴールデンオレンジ 50g,TROY,ゴールデンオレンジ
TROY(トロイ) Ice Orange アイスオレンジ 50g,TROY,アイスオレンジ
TROY(トロイ) Ice Blueberry アイスブルーベリー 50g,TROY,アイスブルーベリー
TROY(トロイ) Midnight ミッドナイト 50g,TROY,ミッドナイト
TROY(トロイ) Tequila テキーラ 50g,TROY,テキーラ
TROY(トロイ) Wine ワイン 50g,TROY,ワイン
TROY(トロイ) Beer ビール 50g,TROY,ビール
TROY(トロイ) Ice アイス 50g,TROY,アイス
TROY(トロイ) Champagne シャンパン 50g,TROY,シャンパン
TROY(トロイ) Garlic Chips ガーリックチップ 50g,TROY,ガーリックチップ
TROY(トロイ) Pistachio ピスタチオ 50g,TROY,ピスタチオ
TROY(トロイ) Strawberry Yogurt ストロベリーヨーグルト 50g,TROY,ストロベリーヨーグルト
TROY(トロイ) Vanilla Custard バニラカスタード 50g,TROY,バニラカスタード
Social Smoke Arctic Lemon アークティックレモン 100g,Social Smoke,アークティックレモン 100g
Social Smoke Arctic Lemon アークティックレモン 50g,Social Smoke50,アークティックレモン
Social Smoke Berry Punch ベリーパンチ 100g,Social Smoke,ベリーパンチ 100g
Social Smoke Berry Punch ベリーパンチ 50g,Social Smoke,ベリーパンチ
Social Smoke Chai Latte チャイラテ 100g,Social Smoke,チャイラテ 100g
Social Smoke Chai Latte チャイラテ 50g,Social Smoke,チャイラテ
Social Smoke Ciger シガー 100g,Social Smoke,シガー 100g
Social Smoke Ciger シガー 50g,Social Smoke50,シガー
Social Smoke Cinnamon Roll シナモンロール 100g,Social Smoke,シナモンロール 100g
Social Smoke Cinnamon Roll シナモンロール 50g,Social Smoke,シナモンロール
Social Smoke Double Apple ダブルアップル 100g,Social Smoke,ダブルアップル 100g
Social Smoke Double Apple ダブルアップル 50g,Social Smoke,ダブルアップル
Social Smoke Dulce de Leche ドゥルセ・デ・レチェ 100g,Social Smoke,ドゥルセ・デ・レチェ 100g
Social Smoke Dulce De Leche ドゥルセ・デ・レチェ 50g,Social Smoke50,ドゥルセ・デ・レチェ
Social Smoke Ginger Tea ジンジャーティー 100g,Social Smoke,ジンジャーティー 100g
Social Smoke Ginger Tea ジンジャーティー 50g,Social Smoke,ジンジャーティー
Social Smoke Golden Delicious Apple ゴールデンデリシャスアップル 100g,Social Smoke,ゴールデンデリシャスアップル 100g
Social Smoke Golden Delicious Apple ゴールデンデリシャスアップル 50g,Social Smoke50,ゴールデンデリシャスアップル
Social Smoke Hong Kong Milk Tea ホンコンミルクティー 100g,Social Smoke,ホンコンミルクティー 100g
Social Smoke Hong Kong Milk Tea ホンコンミルクティー 50g,Social Smoke50,ホンコンミルクティー
Social Smoke Horchata Cajeta オルチャータカジェータ 100g,Social Smoke,オルチャータカジェータ 100g
Social Smoke Horchata Cajeta オルチャータカジェータ 50g,Social Smoke50,オルチャータカジェータ
Social Smoke Japanese Yuzu ジャパニーズユズ 100g,Social Smoke,ジャパニーズユズ 100g
Social Smoke Japanese Yuzu ジャパニーズユズ 50g,Social Smoke50,ジャパニーズユズ
Social Smoke Lemon Drop レモンドロップ 100g,Social Smoke,レモンドロップ 100g
Social Smoke Lemon Drop レモン 50g,Social Smoke50,レモン
Social Smoke Mojito モヒート 100g,Social Smoke,モヒート 100g
Social Smoke Mojito モヒート 50g,Social Smoke50,モヒート
Social Smoke Pear Chill ペアチル 100g,Social Smoke,ペアチル 100g
Social Smoke Pear Chill ペアチル 50g,Social Smoke50,ペアチル
Social Smoke Pink Lemonade ピンクレモネード 100g,Social Smoke,ピンクレモネード 100g
Social Smoke Pink Lemonade ピンクレモネード 50g,Social Smoke50,ピンクレモネード
Social Smoke Pistachio Breeze ピスタチオブリーズ 100g,Social Smoke,ピスタチオブリーズ 100g
Social Smoke Pistachio Breeze ピスタチオブリーズ 50g,Social Smoke50,ピスタチオブリーズ
Social Smoke Tiger's Blood タイガーズブロッド 100g,Social Smoke,タイガーズブロッド 100g
Social Smoke Tiger's Blood タイガーズブロッド 50g,Social Smoke50,タイガーズブロッド
Social Smoke Watermelon Chill ウォーターメロンチル 100g,Social Smoke,ウォーターメロンチル 100g
Social Smoke Watermelon Chill ウォーターメロンチル 50g,Social Smoke50,ウォーターメロンチル
Social Smoke absolute zero 100g,Social Smoke,【要確認】
Social Smoke honeydew melon 100g,Social Smoke,social smoke ハニーdew メロン 100g
Social Smoke Lime 100g,Social Smoke,social smoke ライム 100g
Pandra's Box 100g,Social Smoke,【要確認】
Social Smoke coconuts 100g,Social Smoke,social smoke ココナッツs 100g
Social Smoke Cantaloupe Chill 100g,Social Smoke,【要確認】
Social Smoke Voltage 100g,Social Smoke,【要確認】
Social Smoke lemon pie 100g,Social Smoke,social smoke レモン pie 100g
Social Smoke Banana Foster 100g,Social Smoke,social smoke バナナ foster 100g
Social Smoke Black berry 100g,Social Smoke,social smoke ブラック berry 100g
Social Smoke Grape Chill 100g,Social Smoke,social smoke グレープ chill 100g
Social Smoke Mirage 100g,Social Smoke,【要確認】
Social Smoke Sex Panther 100g,Social Smoke,【要確認】
Social Smoke Wild Berry 100g,Social Smoke,【要確認】
Social Smoke White Gummy Bear 100g,Social Smoke,social smoke ホワイト ガムmy bear 100g
Social Smoke mango habanero 100g,Social Smoke,social smoke マンゴー habanero 100g
Social Smoke watermelon 100g,Social Smoke,social smoke スイカ 100g
Social Smoke オレンジ 100g,Social Smoke,オレンジ 100g
Social Smoke シトラスチル 50g,Social Smoke50,シトラスチル
Japanese Yuzu 250g,Social Smoke250,【要確認】
Golden Delicious Apple 250g,Social Smoke250,ゴールドen delicious アップル 250g
Pear Chill 250g,Social Smoke250,【要確認】
French vanilla 100g,Social Smoke,french バニラ 100g
Dulce de Leche 250g,Social Smoke250,【要確認】
banana castard 50g,FUMARI 50g,バナナ castard
French Vanilla 50g,FUMARI 50g,french バニラ
lemon mint 50g,FUMARI 50g,レモン ミント
mandarin zest 50g,FUMARI 50g,【要確認】
Strawberry Jam 50g,FUMARI 50g,ストロベリー jam
FUMARI white peach ホワイトピーチ 50g,FUMARI 50g,ホワイトピーチ
FUMARI Aloha Mango アロハマンゴー 100g,FUMARI,アロハマンゴー 100g
FUMARI Ambrosia アンブロシア 100g,FUMARI,アンブロシア 100g
FUMARI Banana Custard バナナカスタード 100g,FUMARI,バナナカスタード 100g
FUMARI Blueberry Muffin ブルーベリーマフィン 100g,FUMARI,ブルーベリーマフィン 100g
Citrus Mint シトラスミント 100g,FUMARI,シトラスミント 100g
FUMARI Citrus Tea シトラスティー 100g,FUMARI,シトラスティー 100g
Double Apple ダブルアップル 100g,FUMARI,ダブルアップル 100g
french Vanillaフレンチバニラ 100g,FUMARI,フレンチバニラ 100g
Guavaグアバ 100g,FUMARI,グアバ 100g
Island Papayaアイランドパパイヤ 100g,FUMARI,アイランドパパイヤ 100g
FUMARI Lemon Mint レモンミント 100g,FUMARI,レモンミント 100g
limoncelloリモンチェロ 100g,FUMARI,リモンチェロ 100g
FUMARI Mandarin Zest マンダリンゼスト 100g,FUMARI,マンダリンゼスト 100g
Mint Chocolate Chillミントチョコレートチル 100g,FUMARI,ミントチョコレートチル 100g
Mochaccinoモカチーノ 100g,FUMARI,モカチーノ 100g
Mojito Mojoモヒートモジョ 100g,FUMARI,モヒートモジョ 100g
FUMARI Nectarine ネクタリン 100g,FUMARI,ネクタリン 100g
Passionfruit Sangriaパッションフルーツサングリア 100g,FUMARI,パッションフルーツサングリア 100g
FUMARI Prickly Pear プリックリーペアー 100g,FUMARI,プリックリーペアー 100g
Raspberry Swirlラズベリースウィル 100g,FUMARI,ラズベリースウィル 100g
FUMARI Red Gummi Bear レッドグミベアー 100g,FUMARI,レッドグミベアー 100g
Sour Cherryサワーチェリー 100g,FUMARI,サワーチェリー 100g
FUMARI Spiced Chai スパイスドチャイ 100g,FUMARI,スパイスドチャイ 100g
Strawberry Jam ストロベリージャム 100g,FUMARI,ストロベリージャム 100g
FUMARI Tangelo タンジェロ 100g,FUMARI,タンジェロ 100g
tropical punch トロピカルパンチ 100g,FUMARI,トロピカルパンチ 100g
Watermelonウォーターメロン 100g,FUMARI,ウォーターメロン 100g
FUMARI White Gummi Bear ホワイトグミベアー 100g,FUMARI,ホワイトグミベアー 100g
FUMARI White Peach ホワイトピーチ 100g,FUMARI,ホワイトピーチ 100g
fakh`n mint ファッキンミント 100g,FUMARI,ファッキンミント 100g
Sweet Mint スウィートミント 100g,FUMARI,スウィートミント 100g
Caribbean Colada カリビアンコラーダ 100g,FUMARI,カリビアンコラーダ 100g
Purple Grapeパープルグレープ 100g,FUMARI,パープルグレープ 100g
Mint ミント 100g,FUMARI,ミント 100g
FUMARI Dark Blueberry Muffin ダーク・ブルーベリーマフィン 100g,FUMARI,ダーク・ブルーベリーマフィン 100g
FUMARI Dark Earl Grey ダーク・アールグレイ 100g,FUMARI,ダーク・アールグレイ 100g
FUMARI Dark MInt ダーク・ミント 100g,FUMARI,ダーク・ミント 100g
FUMARI Dark White Peach ダーク・ホワイトピーチ 100g,FUMARI,ダーク・ホワイトピーチ 100g
FUMARI Dark Orange Cream ダーク・オレンジクリーム 100g,FUMARI,ダーク・オレンジクリーム 100g
FUMARI Dark Spiced Chai ダーク・スパイスドチャイ 100g,FUMARI,ダーク・スパイスドチャイ 100g
旧：CITRUS MINT 新：MANDARIN MINT,FUMARI,旧新
旧：GUAVA 新：SHAKA GUAVA,FUMARI,旧新
旧：WHITE PEACH 新：HOLA PEACHES,FUMARI,旧新
旧：MINT 新：ENGLIGHTEN MINT,FUMARI,旧新
旧：NECTARINE 新：PEACHES N` HONEY,FUMARI,旧新
FML green グリーン 100g,Pure Tobacco,グリーン 100g
FML red レッド 100g,Pure Tobacco,レッド 100g
Alfakhamah BANANA バナナ 50g,Alfakhamah,バナナ
Alfakhamah CARDAMOM カルダモン 50g,Alfakhamah,カルダモン
Alfakhamah CINNAMON シナモン 50g,Alfakhamah,シナモン
Alfakhamah GUAVA グアバ 50g,Alfakhamah,グアバ
Alfakhamah LEMON レモン 50g,Alfakhamah,レモン
Alfakhamah MYSTICA ミスティカ 50g,Alfakhamah,ミスティカ
Alfakhamah ORANGE オレンジ 50g,Alfakhamah,オレンジ
Alfakhamah PAN パン 50g,Alfakhamah,パン
Alfakhamah PASSION FRUIT パッションフルーツ 50g,Alfakhamah,パッションフルーツ
Alfakhamah TWO APPLE トゥーアップル 50g,Alfakhamah,トゥーアップル
Alfakhamah ALFAKHAMAH MIX アルファハマミックス 50g,Alfakhamah,アルファハマミックス
Alfakhamah BLACKBERRY ブラックベリー 50g,Alfakhamah,ブラックベリー
Alfakhamah BLUEBERRY ブルーベリー 50g,Alfakhamah,ブルーベリー
Alfakhamah BOUNTY DREAM バウンティドリーム 50g,Alfakhamah,バウンティドリーム
Alfakhamah CAPPUCCINO カプチーノ 50g,Alfakhamah,カプチーノ
Alfakhamah CHERRY チェリー 50g,Alfakhamah,チェリー
Alfakhamah CHOCOLATE チョコレート 50g,Alfakhamah,チョコレート
Alfakhamah COCONUT ココナッツ 50g,Alfakhamah,ココナッツ
Alfakhamah CREAM クリーム 50g,Alfakhamah,クリーム
Alfakhamah COLA コーラ 50g,Alfakhamah,コーラ
Alfakhamah EARLY GREY TEA アールグレイティー 50g,Alfakhamah,アールグレイティー
Alfakhamah EXOTIC JASMINE エキゾチックジャスミン 50g,Alfakhamah,エキゾチックジャスミン
Alfakhamah FREEZE PASSION FRUIT MANGO フリーズパッションフルーツマンゴー 50g,Alfakhamah,フリーズパッションフルーツマンゴー
Alfakhamah GRAPE グレープ 50g,Alfakhamah,グレープ
Alfakhamah GRAPEFRUIT グレープフルーツ 50g,Alfakhamah,グレープフルーツ
Alfakhamah GREEN TEA MINT グリーンティミント 50g,Alfakhamah,グリーンティミント
Alfakhamah ICE MINT アイスミント 50g,Alfakhamah,アイスミント
Alfakhamah KIWI キウイ 50g,Alfakhamah,キウイ
Alfakhamah LEMON GINGER レモンジンジャー 50g,Alfakhamah,レモンジンジャー
Alfakhamah LIME ライム 50g,Alfakhamah,ライム
Alfakhamah MANGO マンゴー 50g,Alfakhamah,マンゴー
Alfakhamah MELON メロン 50g,Alfakhamah,メロン
Alfakhamah MILK ミルク 50g,Alfakhamah,ミルク
Alfakhamah MINT ミント 50g,Alfakhamah,ミント
Alfakhamah MOJITO モヒート 50g,Alfakhamah,モヒート
Alfakhamah ORIENTAL SPICE オリエンタルスパイス 50g,Alfakhamah,オリエンタルスパイス
Alfakhamah PARADISE パラダイス 50g,Alfakhamah,パラダイス
Alfakhamah PEACH ピーチ 50g,Alfakhamah,ピーチ
Alfakhamah PINA COLADA ピナ・コラーダ 50g,Alfakhamah,ピナ・コラーダ
Alfakhamah PINEAPPLE パイナップル 50g,Alfakhamah,パイナップル
Alfakhamah POMEGRANATE ザクロ 50g,Alfakhamah,ザクロ
Alfakhamah RASPBERRY ラズベリー 50g,Alfakhamah,ラズベリー
Alfakhamah ROSE ローズ 50g,Alfakhamah,ローズ
Alfakhamah STRAWBERRY ストロベリー 50g,Alfakhamah,ストロベリー
Alfakhamah VANILLA バニラ 50g,Alfakhamah,バニラ
Alfakhamah WATERMELON スイカ 50g,Alfakhamah,スイカ
Alfakhamah ZAFRAN サフラン 50g,Alfakhamah,サフラン
Alfakhamah AMORE アモーレ 50g,Alfakhamah,アモーレ
Alfakhamah GUMMY CANDY グミキャンディー 50g,Alfakhamah,グミキャンディー
Alfakhamah Ginger ジンジャー 50g,Alfakhamah,ジンジャー
Alfakhamah Exotic lime エキゾチックライム 50g,Alfakhamah,エキゾチックライム
Alfakhamah Champage シャンパン 50g,Alfakhamah,シャンパン
Alfakhamah Passion fruit 250g,Alfakhamah250,alfakhamah パッションフルーツ 250g
SEBERO Limoncello 100g,SEBERO100,sebero レモンcello 100g
SEBERO Strawberry 100g,SEBERO100,sebero ストロベリー 100g
SEBERO Grapes 100g,SEBERO100,sebero グレープs 100g
SEBERO Waffle 100g,SEBERO100,【要確認】
SEBERO Pineapple 100g,SEBERO100,sebero パイナップル 100g
SEBERO Lychee 100g,SEBERO100,sebero ライチ 100g
SEBERO Vanilla 100g,SEBERO100,sebero バニラ 100g
SEBERO Bubble gum 100g,SEBERO100,sebero bubble ガム 100g
SEBERO Mango 100g,SEBERO100,sebero マンゴー 100g
SEBERO Chocolate 100g,SEBERO100,sebero チョコレート 100g
SEBERO Bilberry 100g,SEBERO100,【要確認】
SEBERO Orange 100g,SEBERO100,sebero オレンジ 100g
SEBERO arctik 100g,SEBERO100,【要確認】
SEBERO APRICOT 100gr,SEBERO100,sebero アプリコット 100gr 100g
SEBERO SPISED TEA 100gr,SEBERO100,sebero spised ティー 100gr 100g
SEBERO BANANA 100gr,SEBERO100,sebero バナナ 100gr 100g
SEBERO BANANA CHOCOLATE 100gr,SEBERO100,sebero バナナ チョコレート 100gr 100g
SEBERO BLUEBERRY 100gr,SEBERO100,sebero ブルーベリー 100gr 100g
SEBERO PAIN FLOWER(サボテン) 100gr,SEBERO100,【要確認】
SEBERO COLA 100gr,SEBERO100,sebero コーラ 100gr 100g
SEBERO CORN 100gr,SEBERO100,【要確認】
SEBERO GARNET CHERRY 100gr,SEBERO100,sebero garnet チェリー 100gr 100g
SEBERO GREEN APPLE 100gr,SEBERO100,sebero グリーン アップル 100gr 100g
SEBERO GREEN PEAR 100gr,SEBERO100,sebero グリーン pear 100gr 100g
SEBERO GUAVA STRAWBERRY 100gr,SEBERO100,sebero グアバ ストロベリー 100gr 100g
SEBERO MINT 100gr,SEBERO100,sebero ミント 100gr 100g
SEBERO BASIL CUCUMBER 100gr,SEBERO100,sebero バジル cucumber 100gr 100g
SEBERO THAI 100gr,SEBERO100,【要確認】
SEBERO TOMATO 100gr,SEBERO100,【要確認】
SEBERO WONDER MELONS 100gr,SEBERO100,sebero wonder メロンs 100gr 100g
SEBERO RED APPLE 100g,SEBERO100,sebero レッド アップル 100g
SEBERO THYME 100g,SEBERO100,【要確認】
SEBERO HERBAL CURRANT 100g,SEBERO100,【要確認】
SEBERO BANANA CREAM 100g,SEBERO100,sebero バナナ クリーム 100g
SEBERO Kiwi Fresh 100g,SEBERO100,sebero キウイ fresh 100g
CITRUS FIZZ (BERGAMOT) 100g,SEBERO100,【要確認】
BLACK BERRY 100g,SEBERO100,ブラック berry 100g
RASPBERRY 100g,SEBERO100,ラズベリー 100g
FEIJOA 100g,SEBERO100,【要確認】
SEBERO Tropic Rose 100g,SEBERO100,sebero tropic ローズ 100g
SEBERO Honey Candy Chill 100g,SEBERO100,sebero ハニー candy chill 100g
TIRAMISU 100g,SEBERO100,【要確認】
PAPAYA 100g,SEBERO100,パパイヤ 100g
FRUIT YOUGURT 100g,SEBERO100,【要確認】
PASSION FRUIT 100g,SEBERO100,パッションフルーツ 100g
MILK 100g,SEBERO100,ミルク 100g
SEBERO Halloween Pumpkin 100g,SEBERO100,【要確認】
SEBERO Coffee 100g,SEBERO100,sebero コーヒー 100g
SEBERO Coco Like 100g,SEBERO100,【要確認】
"CREAM BERRY ""ARCTIC MIX"" 100gr.",SEBERO100,"クリーム berry ""arctic ミックス"" 100gr. 100g"
"SOUR CITRUS ""ARCTIC MIX"" 100gr.",SEBERO100,"sour シトラス ""arctic ミックス"" 100gr. 100g"
"SPICE FRUIT ""ARCTIC MIX"" 100gr.",SEBERO100,"スパイス fruit ""arctic ミックス"" 100gr. 100g"
"THAI LAND ""ARCTIC MIX"" 100gr.",SEBERO100,"thai land ""arctic ミックス"" 100gr. 100g"
"TROPIC BERRY ""ARCTIC MIX"" 100gr.",SEBERO100,"tropic berry ""arctic ミックス"" 100gr. 100g"
"VANILLA FRUIT ""ARCTIC MIX"" 100gr.",SEBERO100,"バニラ fruit ""arctic ミックス"" 100gr. 100g"
LIMONCHELLO 40g,SEBERO40,レモンchello 40g
LYCHEE 40g,SEBERO40,ライチ 40g
MANGO 40g,SEBERO40,マンゴー 40g
BILBERRY 40g,SEBERO40,【要確認】
arctik 40g,SEBERO40,【要確認】
SPICED TEA 40g,SEBERO40,スパイスd ティー 40g
BLUEBERRY 40g,SEBERO40,ブルーベリー 40g
PAIN FLOWER CACTUS40g,SEBERO40,pain flower カクタス 40g
COLA 40g,SEBERO40,コーラ 40g
CORN 40g,SEBERO40,【要確認】
GREEN APPLE 40g,SEBERO40,グリーン アップル 40g
GREEN PEAR 40g,SEBERO40,グリーン pear 40g
GUAVA STRAWBERRY 40g,SEBERO40,グアバ ストロベリー 40g
BASIL CUCUMBER 40g,SEBERO40,バジル cucumber 40g
TOMATO 40g,SEBERO40,【要確認】
WONDER MELONS 40g,SEBERO40,wonder メロンs 40g
RED APPLE 40g,SEBERO40,レッド アップル 40g
THYME 40g,SEBERO40,【要確認】
HERBAL CURRANT 40g,SEBERO40,【要確認】
BANANA CREAM 40g,SEBERO40,バナナ クリーム 40g
KIWI FRESH 40g,SEBERO40,キウイ fresh 40g
KIWI FRESH 40g,SEBERO40,キウイ fresh 40g
CITRUS FIZZ (BERGAMOT) 40g,SEBERO40,【要確認】
CITRUS FIZZ (BERGAMOT) 40g,SEBERO40,【要確認】
BLACK BERRY 40g,SEBERO40,ブラック berry 40g
BLACK BERRY 40g,SEBERO40,ブラック berry 40g
RASPBERRY 40g,SEBERO40,ラズベリー 40g
RASPBERRY 40g,SEBERO40,ラズベリー 40g
FEIJOA 40g,SEBERO40,【要確認】
FEIJOA 40g,SEBERO40,【要確認】
GARNET CHERRY 40g,SEBERO40,garnet チェリー 40g
PINEAPPLE 40g,SEBERO40,パイナップル 40g
BANANA 40g,SEBERO40,バナナ 40g
BANANA CHOCOLATE 40g,SEBERO40,バナナ チョコレート 40g
BANANA STRAWBERRY 40g,SEBERO40,バナナ ストロベリー 40g
TIRAMISU 40g,SEBERO40,【要確認】
PAPAYA 40g,SEBERO40,パパイヤ 40g
FRUIT YOGURT 40g,SEBERO40,fruit ヨーグルト 40g
PASSION FRUIT 40g,SEBERO40,パッションフルーツ 40g
MILK 40g,SEBERO40,ミルク 40g
SEBERO Halloween Pumpkin 40g,SEBERO40,【要確認】
SEBERO Coffee 40g,SEBERO40,sebero コーヒー 40g
SEBERO Coco Like 40g,SEBERO40,【要確認】
"SOUR CITRUS ""ARCTIC MIX"" 40gr",SEBERO40,"sour シトラス ""arctic ミックス"" 40gr 40g"
"SPICE FRUIT ""ARCTIC MIX"" 40gr",SEBERO40,"スパイス fruit ""arctic ミックス"" 40gr 40g"
"THAI LAND ""ARCTIC MIX"" 40gr",SEBERO40,"thai land ""arctic ミックス"" 40gr 40g"
"TROPIC BERRY ""ARCTIC MIX"" 40gr",SEBERO40,"tropic berry ""arctic ミックス"" 40gr 40g"
"VANILLA FRUIT ""ARCTIC MIX"" 40gr",SEBERO40,"バニラ fruit ""arctic ミックス"" 40gr 40g"
Mojito,JENT40,モヒート
Jaegermeister,JENT40,【要確認】
Pina Colada,JENT40,pina コーラda
Aperol Sprits,JENT40,【要確認】
Kahlua Milk,JENT40,kahlua ミルク
Gin Air,JENT40,【要確認】
Absinthe,JENT40,【要確認】
Liquor Chocolate,JENT40,liquor チョコレート
Rum,JENT40,【要確認】
Bourbon Whiskey,JENT40,bourbon ウイスキー
Tequila,JENT40,テキーラ
Peach Station,JENT40,ピーチ station
Sweet Cigar,JENT40,スイートシガー
Super lemon,JENT40,スーパー レモン
Mango Rose （現 White Rose）,JENT40,マンゴー ローズ （現 ホワイト ローズ）
Linden Blossom,JENT40,リンデンブロッサム
Thyme,JENT40,【要確認】
Jasmine Oolong,JENT40,ジャスミン oolong
Marijuana,JENT40,【要確認】
Old Sage,JENT40,オールドセージ
Sweet Clover,JENT40,【要確認】
Labrador tea,JENT40,ラブラドールティー
JENT (White Rose),JENT40,【要確認】
JENT (COSMOPOLITAN),JENT40,【要確認】
JENT (CRANBERRY LIQUOR),JENT40,【要確認】
JENT (Sweet Double Apple),JENT40,【要確認】
JENT (Sour Cassis)New,JENT40,【要確認】
JENT (Needles)New,JENT40,【要確認】
JENT Cigar ( Non Aroma )100g,JENT CIGAR 100,【要確認】
JENT Cigar ( White wine )100g,JENT CIGAR 100,【要確認】
JENT Cigar ( Nuts )100g,JENT CIGAR 100,【要確認】
JENT Cigar ( Ginger Cookies )100g,JENT CIGAR 100,【要確認】
JENT Cigar ( Lavander )100g,JENT CIGAR 100,【要確認】
JENT Cigar ( Raspberry Basil )100g,JENT CIGAR 100,【要確認】
JENT Cigar ( Single Malt Whiskey )100g,JENT CIGAR 100,【要確認】
JENT Cigar ( Amaretto )100g,JENT CIGAR 100,【要確認】
JENT Cigar ( Bellini )100g,JENT CIGAR 100,【要確認】
JENT Cigar ( Camomile )100g,JENT CIGAR 100,【要確認】
JENT Cigar ( Coconut Cream )100g,JENT CIGAR 100,【要確認】
JENT Cigar ( Milky Caramel )100g,JENT CIGAR 100,【要確認】
JENT Cigar ( Red Sangria )100g,JENT CIGAR 100,【要確認】
JENT Cigar ( Triple Citrus )100g,JENT CIGAR 100,【要確認】
JENT Cigar ( Wild Strawberry )100g,JENT CIGAR 100,【要確認】
JENT Cigar ( Non Aroma )20g,JENT CIGAR 20,【要確認】
JENT Cigar ( White wine )20g,JENT CIGAR 20,【要確認】
JENT Cigar ( Nuts )20g,JENT CIGAR 20,【要確認】
JENT Cigar ( Ginger Cookies )20g,JENT CIGAR 20,【要確認】
JENT Cigar ( Lavander )20g,JENT CIGAR 20,【要確認】
JENT Cigar ( Raspberry Basil )20g,JENT CIGAR 20,【要確認】
JENT Cigar ( Single Malt Whiskey )20g,JENT CIGAR 20,【要確認】
Banana Papa,DARKSIDE100,バナナ papa
C.R.E.A.M.S.O.D.A,DARKSIDE100,【要確認】
Cherry Rocks,DARKSIDE100,チェリー rocks
Cosmo Flower,DARKSIDE100,【要確認】
Cosmos,DARKSIDE100,【要確認】
Darkside Cola,DARKSIDE100,ダークside コーラ
Darksupra,DARKSIDE100,ダークsupra
Falling Star,DARKSIDE100,【要確認】
Generis Raspberry,DARKSIDE100,generis ラズベリー
Grape Core,DARKSIDE100,グレープ core
Ice Granny,DARKSIDE100,アイス granny
Kalee Grapefruit,DARKSIDE100,kalee グレープフルーツ
Lemon Blast,DARKSIDE100,レモン blast
Needls,DARKSIDE100,【要確認】
Pineapple Pulse,DARKSIDE100,パイナップル pulse
Red Alert,DARKSIDE100,レッド alert
Supernova,DARKSIDE100,スーパーnova
Tropic Ray,DARKSIDE100,【要確認】
Wild Forest,DARKSIDE100,【要確認】
Wildberry,DARKSIDE100,【要確認】
BARVY ORANGE,DARKSIDE100,barvy オレンジ
BERGAMONSTR,DARKSIDE100,【要確認】
DARK PASSION,DARKSIDE100,ダーク passion
KILLER MILK,DARKSIDE100,killer ミルク
MANGO LASSI 2.0,DARKSIDE100,マンゴー lassi 2.0
DARK ICECREAM,DARKSIDE100,ダーク アイスクリーム
HONEY DUST,DARKSIDE100,ハニー dust
GREEN MIST,DARKSIDE100,グリーン mist
GUAVA REBEL,DARKSIDE100,グアバ rebel
BLUEBERRY BLAST,DARKSIDE100,ブルーベリー blast
DEEP BLUE SEA,DARKSIDE100,deep ブルー sea
BOUNTY HUNTER,DARKSIDE100,【要確認】
SALBEI,DARKSIDE100,【要確認】
SUPERMINT,DARKSIDE100,スーパーミント
POMELOW,DARKSIDE100,【要確認】
SPACE JAM,DARKSIDE100,【要確認】
CYBER KIWI,DARKSIDE100,cyber キウイ
VIRGIN PEACH2.0,DARKSIDE100,virgin ピーチ2.0
BASSBERRY,DARKSIDE100,【要確認】
BLACKCURRANT,DARKSIDE100,ブラックcurrant
CODE CHERRY,DARKSIDE100,code チェリー
GLITCH ICE TEA,DARKSIDE100,glitch アイス ティー
PEAR,DARKSIDE100,【要確認】
POLAR CREAM,DARKSIDE100,polar クリーム
WAFFLE SHUFFLE,DARKSIDE100,【要確認】
KASHMIR GOA JAVA,DARKSIDE100,【要確認】
APPLE JUICE アップルジュース 50g,STARLINE50,アップルジュース
BELGIAN WAFFLE ベルギーワッフル 50g,STARLINE50,ベルギーワッフル
BERRY POPCORN ベリーポップコーン 50g,STARLINE50,ベリーポップコーン
BLUEBERRY CRUMBLE ブルーベリークランブル 50g,STARLINE50,ブルーベリークランブル
FREE CUBA フリーキューバ 50g,STARLINE50,フリーキューバ
LEMON FIZZ レモンフィズ 50g,STARLINE50,レモンフィズ
NECTARINE ネクタリン 50g,STARLINE50,ネクタリン
ORANGINA オランジーナ 50g,STARLINE50,オランジーナ
PAPAYA パパイヤ 50g,STARLINE50,パパイヤ
STRAWBERRY MILLEFEUILLE ストロベリーミルフィーユ 50g,STARLINE50,ストロベリーミルフィーユ
Starbuzz Vintage Colombian Spice コロンビアスパイス 200g,Starbuzz Vintage,コロンビアスパイス 200g
Starbuzz Vintage Fresh Lime フレッシュライム 200g,Starbuzz Vintage,フレッシュライム 200g
Starbuzz Vintage Indian Spice Apple インディアンスパイスアップル 200g,Starbuzz Vintage,インディアンスパイスアップル 200g
Starbuzz Vintage Honey Dew Me ハニーデューミー 200g,Starbuzz Vintage,ハニーデューミー 200g
Starbuzz Vintage Mornig Breeze モーニングブリーズ 200g,Starbuzz Vintage,モーニングブリーズ 200g
Starbuzz Vintage Spice Me Red スパイスミーレッド 200g,Starbuzz Vintage,スパイスミーレッド 200g
Starbuzz Vintage Tiramisu ティラミス 200g,Starbuzz Vintage,ティラミス 200g
Starbuzz Vintage Tokyo Spice トーキョースパイス 200g,Starbuzz Vintage,トーキョースパイス 200g
Starbuzz Vintage Delih Tea デリーティー 200g,Starbuzz Vintage,デリーティー 200g
Starbuzz Vintage Shanghai Passion シャンハイパッション 200g,Starbuzz Vintage,シャンハイパッション 200g
Starbuzz Exotic Apple Cinnamon アップルシナモン 100g,Starbuzz E,アップルシナモン 100g
Starbuzz Exotic Blue Mist ブルーミスト 100g,Starbuzz E,ブルーミスト 100g
Starbuzz Exotic Classic Cola クラシックコーラ 100g,Starbuzz E,クラシックコーラ 100g
Starbuzz Exotic Cocojumbo ココジャンボ 100g,Starbuzz E,ココジャンボ 100g
Starbuzz Exotic Lebanese Bomb Shell レバニーズボムシェル 100g,Starbuzz E,レバニーズボムシェル 100g
Starbuzz Exotic Pink ピンク 100g,Starbuzz E,ピンク 100g
Starbuzz Exotic Vanilla バニラ 100g,Starbuzz E,バニラ 100g
Starbuzz Exotic Code ６９ コード６９ 100g,Starbuzz E,コード 100g
Starbuzz Exotic Pirates Cave パイレーツ・ケイブ 100g,Starbuzz E,パイレーツ・ケイブ 100g
Starbuzz Exotic Blue mist 250g,Starbuzz E250,starbuzz exotic ブルー mist 250g
Starbuzz Exotic Lebanese Bomb Shell レバニーズボムシェル 250g,Starbuzz E250,レバニーズボムシェル 250g
Starbuzz Bold Mint Colossus ミントクロッカス 100g,Starbuzz Bold,ミントクロッカス 100g
Starbuzz Bold frenchbuzz フレンチバズ 100g,Starbuzz Bold,フレンチバズ 100g
Starbuzz Bold Geisya ゲイシャ 100g,Starbuzz Bold,ゲイシャ 100g
Starbuzz Bold Green Savior グリーンセイバー 100g,Starbuzz Bold,グリーンセイバー 100g
Starbuzz Bold Purple Savior パープルセイバー 100g,Starbuzz Bold,パープルセイバー 100g
Starbuzz Bold Simply Mango/シンプリー マンゴー 100g,Starbuzz Bold,シンプリーマンゴー 100g
Starbuzz Bold Brownie ブラウニー 100g,Starbuzz Bold,ブラウニー 100g
Starbuzz Bold ピーチアイスティー 100g,Starbuzz Bold,ピーチアイスティー 100g
Trifecta Apple Pie アップルパイ 100g,Trifecta100,アップルパイ 100g
Trifecta Bohemian Mix ボヘミアンミックス 100g,Trifecta100,ボヘミアンミックス 100g
Trifecta cucumber mojito 100g,Trifecta100,trifecta cucumber モヒート 100g
Trifecta Death By Ice デスバイアイス 100g,Trifecta100,デスバイアイス 100g
Trifecta Earl Grey アールグレイ 100g,Trifecta100,アールグレイ 100g
Trifecta Enigma エニグマ 100g,Trifecta100,エニグマ 100g
Trifecta Indian Kheer インディアンキール 100g,Trifecta100,インディアンキール 100g
Trifecta Lavender Mint ラベンダーミント 100g,Trifecta100,ラベンダーミント 100g
Trifecta Lavender Mint ラベンダーミント 250g,Trifecta250,ラベンダーミント 250g
Trifecta Lemon Pie レモンパイ 100g,Trifecta100,レモンパイ 100g
Trifecta Lychee ライチ 100g,Trifecta100,ライチ 100g
Trifecta Lychee ライチ 250g,Trifecta250,ライチ 250g
Trifecta Manzanas マンザナス 100g,Trifecta100,マンザナス 100g
Trifecta Mountain Fog マウンテンフォグ 100g,Trifecta100,マウンテンフォグ 100g
Trifecta Mountain Fog マウンテンフォグ 250g,Trifecta250,マウンテンフォグ 250g
Trifecta Nawar ナワール 100g,Trifecta100,ナワール 100g
Trifecta nawar 250g,Trifecta250,【要確認】
Trifecta Peppermint Shake ペパーミントシェイク 100g,Trifecta100,ペパーミントシェイク 100g
Trifecta Peppermint Shake ペパーミントシェイク 250g,Trifecta250,ペパーミントシェイク 250g
Trifecta Pineapple パイナップル 100g,Trifecta100,パイナップル 100g
Trifecta Pineapple Guava パイナップルグアバ 100g,Trifecta100,パイナップルグアバ 100g
Trifecta Pineapple Ice Tea パイナップルアイスティー 100g,Trifecta100,パイナップルアイスティー 100g
Trifecta Pulp Friction パルプフリクション 100g,Trifecta100,パルプフリクション 100g
Trifecta Raspberry ラズベリー 100g,Trifecta100,ラズベリー 100g
Trifecta raspberry lemon roll 100g,Trifecta100,trifecta ラズベリー レモン roll 100g
Trifecta Bonafide ボナファイド 100g,Trifecta100,ボナファイド 100g
Trifecta Concord Grape コンコードグレープ 100g,Trifecta100,コンコードグレープ 100g
Trifecta Concord Grape コンコードグレープ 250g,Trifecta250,コンコードグレープ 250g
Trifecta Cucumber Mojito キューカンバーモヒート 100g,Trifecta100,キューカンバーモヒート 100g
Trifecta Death By Ice デスバイアイス 100g,Trifecta100,デスバイアイス 100g
Trifecta Death By Ice デスバイアイス 250g,Trifecta250,デスバイアイス 250g
Trifecta Twice the Ice トゥワイスジアイス 100g,Trifecta100,トゥワイスジアイス 100g
Trifecta Twice the Ice トゥワイスジアイス 250g,Trifecta250,トゥワイスジアイス 250g
Trifecta Twice the Ice X トゥワイスジアイスエックス 100g,Trifecta100,トゥワイスジアイスエックス 100g
Trifecta Twice The Ice X トゥワイスジアイスエックス 250g,Trifecta250,トゥワイスジアイスエックス 250g
Trifecta Pearfect 100g,Trifecta100,【要確認】
TKO 100g,Trifecta100,【要確認】
Blueberry 50g,Royal smokin,ブルーベリー
Double Mint 50g,Royal smokin,ダブル ミント
Green Apple 50g,Royal smokin,グリーン アップル
Green Mango 50g,Royal smokin,グリーン マンゴー
Kiwi Blast 50g,Royal smokin,キウイ blast
Magai Paan 50g,Royal smokin,【要確認】
Orange 50g,Royal smokin,オレンジ
Paan 420 50g,Royal smokin,【要確認】
Paan Rajni 50g,Royal smokin,【要確認】
Pink Guava 50g,Royal smokin,pink グアバ
Royal Gold 50g,Royal smokin,royal ゴールド
Royal Paan Masala 50g,Royal smokin,【要確認】
Spring Water スプリングウォーター 50g,Royal smokin,スプリングウォーター
U.S. Commissioner 50g,Royal smokin,【要確認】
Royal smokin Vanilla 50g,Royal smokin,royal smokin バニラ
White Rose 50g,Royal smokin,ホワイト ローズ
PINK MISCHIEF ピンクミスシフ 50g,Royal smokin,ピンクミスシフ
LEMON GINGER レモンジンジャー 50g,Royal smokin,レモンジンジャー
HONEY ハニー 50g,Royal smokin,ハニー
FIZZY COLA フィジーコーラ 50g,Royal smokin,フィジーコーラ
Decloud Almond 50g,Decloud,decloud アーモンド
Decloud Banana 50g,Decloud,decloud バナナ
Decloud Black Grape 50g,Decloud,decloud ブラック グレープ
Decloud Cassis 50g,Decloud,【要確認】
Decloud Coffee,Decloud,decloud コーヒー
Decloud Earl Gray 50g,Decloud,decloud アールグレイ
Decloud Grapefruits 50g,Decloud,decloud グレープフルーツs
Decloud Green Apple 50g,Decloud,decloud グリーン アップル
Decloud Guava 50g,Decloud,decloud グアバ
Decloud Jasmine 50g,Decloud,decloud ジャスミン
Decloud Kiwi 50g,Decloud,decloud キウイ
Decloud Lemon 50g,Decloud,decloud レモン
Decloud Lemon Grass 50g,Decloud,decloud レモン grass
Decloud Lychee 50g,Decloud,decloud ライチ
Decloud Maccha 抹茶 50g,Decloud,抹茶
Decloud Mango 50g,Decloud,decloud マンゴー
Decloud Melon 50g,Decloud,decloud メロン
Decloud Milk Tea 50g,Decloud,decloud ミルクティー
Decloud Mint 50g,Decloud,decloud ミント
Decloud Multifruits 50g,Decloud,【要確認】
Decloud Orange 50g,Decloud,decloud オレンジ
Decloud Passionfruit,Decloud,【要確認】
Decloud Peach 50g,Decloud,decloud ピーチ
Decloud Pear 50g,Decloud,【要確認】
Decloud Pineapple 50g,Decloud,decloud パイナップル
Decloud Plum 50g,Decloud,decloud プラム
Decloud Rasberry 50g,Decloud,【要確認】
Decloud Red Apple 50g,Decloud,decloud レッド アップル
Decloud Rose,Decloud,decloud ローズ
Decloud Strawberry 50g,Decloud,decloud ストロベリー
Decloud TwoApple 50g,Decloud,decloud twoアップル
Decloud Vanilla 50g,Decloud,decloud バニラ
Decloud Watermelon 50g,Decloud,decloud スイカ
Decloud White Grape 50g,Decloud,decloud ホワイト グレープ
Decloud Yuzu ゆず 50g,Decloud,ゆず
Decloud Honey ハニー 50g,Decloud,ハニー
Decloud Blueberry 50g,Decloud,decloud ブルーベリー
Decloud Cherry 50g,Decloud,decloud チェリー
Decloud Coconuts 50g,Decloud,decloud ココナッツs
Decloud Berry 50g,Decloud,【要確認】
Decloud Condensed milk コンデンスミルク 練乳 50g,Decloud,コンデンスミルク練乳
Decloud Sweet beens,Decloud,【要確認】
Decloud Yogurtヨーグルト ジャー,Decloud,ヨーグルトジャー
Decloud Hojicha ほうじ茶 ジャー,Decloud,ほうじ茶ジャー
Sweet potato,Decloud,【要確認】
Osmanthus,Decloud,【要確認】
Cinnnamon シナモン 50g Decloud,Decloud,シナモン
Decloud Chocolate 50g,Decloud,decloud チョコレート
Decloud Granada 50g,Decloud,【要確認】
Decloud Salty Lemon 50g,Decloud,decloud salty レモン
Decloud Sakura 50g,Decloud,【要確認】
Decloud Ice 50g,Decloud,decloud アイス
Silvercloud Berry ベリー 50g,Silvercloud,ベリー
Silvercloud Blueberry 50g,Silvercloud,シルバーcloud ブルーベリー
Silvercloud Cassis 50g,Silvercloud,シルバーcloud cassis
Silvercloud Cherry 50g,Silvercloud,シルバーcloud チェリー
Silvercloud Coconuts 50g,Silvercloud,シルバーcloud ココナッツs
Silvercloud Granada 50g,Silvercloud,シルバーcloud granada
Silvercloud Grapefruits 50g,Silvercloud,シルバーcloud グレープフルーツs
Silvercloud Honey 50g,Silvercloud,シルバーcloud ハニー
Silvercloud Maccha 50g,Silvercloud,シルバーcloud maccha
Silvercloud Mint(New) 50g *caution,Silvercloud,【要確認】
Silvercloud Sour aki(apple kiwi) 50g,Silvercloud,【要確認】
Silvercloud Yuzu 50g,Silvercloud,シルバーcloud yuzu
Decloud Silver Condensed milk コンデンスミルク 練乳 50g,Silvercloud,コンデンスミルク練乳
Silvercloud Sweet potato スイートポテト,Silvercloud,スイートポテト
Silvercloud Hojicha ホウジチャ ほうじ茶,Silvercloud,ホウジチャほうじ茶
Silvercloud Red bean レッドビーン あずき,Silvercloud,レッドビーンあずき
Chaba チャバ,CHABA,チャバ
Chaba チャバ Blueberry Mint ノンニコチン,CHABA,チャバノンニコチン
Chaba チャバ Cranberries in powdered sugar ノンニコチン,CHABA,チャバノンニコチン
Chaba チャバ Chinese Melon ノンニコチン,CHABA,チャバノンニコチン
Chaba チャバ Double Apple ノンニコチン,CHABA,チャバノンニコチン
Chaba チャバ Elderberry ノンニコチン,CHABA,チャバノンニコチン
Chaba チャバ Frosty Mint ノンニコチン,CHABA,チャバノンニコチン
Chaba チャバ Ice Grape ノンニコチン,CHABA,チャバノンニコチン
Chaba チャバ LE Wild Cherry ノンニコチン,CHABA,チャバノンニコチン
Chaba チャバ Melissa and Berries ノンニコチン,CHABA,チャバノンニコチン
Chaba チャバ Northern Berries ノンニコチン,CHABA,チャバノンニコチン
Chaba チャバ Pomelo ノンニコチン,CHABA,チャバノンニコチン
Chaba チャバ Poppy Roll ノンニコチン,CHABA,チャバノンニコチン
Chaba チャバ White Wine ノンニコチン,CHABA,チャバノンニコチン
Chaba チャバ Wild strawberry ノンニコチン,CHABA,チャバノンニコチン
Chaba チャバ BOOSTER,CHABA,チャバ
Chaba チャバ Booster Icy ノンニコチン,CHABA,チャバノンニコチン
Chaba Mix チャバ ミックス,CHABA,チャバミックス
Chaba Mix チャバ ミックス Chocolate Ice-Cream ノンニコチン,CHABA,チャバミックスノンニコチン
Chaba Mix チャバ ミックス Clementine-Cherry ノンニコチン,CHABA,チャバミックスノンニコチン
Chaba Mix チャバ ミックス Fruit ice ノンニコチン,CHABA,チャバミックスノンニコチン
Chaba Mix チャバ ミックス Gummy Bears ノンニコチン,CHABA,チャバミックスノンニコチン
Chaba Mix チャバ ミックス Honey Berries ノンニコチン,CHABA,チャバミックスノンニコチン
Chaba Mix チャバ ミックス Ice Bonbon ノンニコチン,CHABA,チャバミックスノンニコチン
Chaba Mix チャバ ミックス Kiwi apple gooseberry ノンニコチン,CHABA,チャバミックスノンニコチン
Chaba Mix チャバ ミックス Lemon-Mint ノンニコチン,CHABA,チャバミックスノンニコチン
Chaba Mix チャバ ミックス Mango chamomile ノンニコチン,CHABA,チャバミックスノンニコチン
Chaba Mix チャバ ミックス Peach Apricot ノンニコチン,CHABA,チャバミックスノンニコチン
Chaba Mix チャバ ミックス Peach-Lime ノンニコチン,CHABA,チャバミックスノンニコチン
Chaba Mix チャバ ミックス Pink jam ノンニコチン,CHABA,チャバミックスノンニコチン
Chaba Mix チャバ ミックス Raspberry blackberry ノンニコチン,CHABA,チャバミックスノンニコチン
Chaba Mix チャバ ミックス Skittle ノンニコチン,CHABA,チャバミックスノンニコチン
Chaba Mix チャバ ミックス Strawberry Mojito ノンニコチン,CHABA,チャバミックスノンニコチン
Chaba Mix チャバ ミックス Tangerine Strawberry Lychee ノンニコチン,CHABA,チャバミックスノンニコチン
Chaba Mix チャバ ミックス Tropic Love ノンニコチン,CHABA,チャバミックスノンニコチン
Chaba Mix チャバ ミックス Watermelon Gum ノンニコチン,CHABA,チャバミックスノンニコチン
panrasna パンラズナ 50g,AL-WAHA,パンラズナ
panrasna パンラズナ 200g,AL-WAHA,パンラズナ 200g
Libella Swing リベラスイング 50g,AL-WAHA,リベラスイング
Alaskan Ice アラスカンアイス 100g,AZURE,アラスカンアイス 100g
Apple cider アップルサイダー100g,AZURE,アップルサイダー 100g
Barista choice バリスタズチョイス 100g,AZURE,バリスタズチョイス 100g
Berry Mania ベリーマニア 100g,AZURE,ベリーマニア 100g
Blueberry muffin ブルーベリーマフィン 100g,AZURE,ブルーベリーマフィン 100g
Candy キャンディ 100g,AZURE,キャンディ 100g
Carifolnia blue カリフォルニアブルー 100g,AZURE,カリフォルニアブルー 100g
Chai Masala チャイマサラ100g,AZURE,チャイマサラ 100g
Chocolate Cake チョコレートケーキ100g,AZURE,チョコレートケーキ 100g
Cinamon Cookeis シナモンクッキー100g,AZURE,シナモンクッキー 100g
Cocomania ココマニア100g,AZURE,ココマニア 100g
Cool Ccumber クールキューカンバー100g,AZURE,クールキューカンバー 100g
Cosmos コスモス100g,AZURE,コスモス 100g
Dubai Apple ドバイアップル100g,AZURE,ドバイアップル 100g
Grow A Pear グロウアペア100g,AZURE,グロウアペア 100g
Grow A Pear グロウアペア100g 2,AZURE,グロウアペア 100g
Lemon glass レモングラス100g,AZURE,レモングラス 100g
Lemon Muffin 100g,AZURE,レモン muffin 100g
Lime ライム100g,AZURE,ライム 100g
Lychee ライチ100g,AZURE,ライチ 100g
Mango Cheesecake 100g,AZURE,マンゴー cheesecake 100g
Matcha Mint 100g,AZURE,matcha ミント 100g
Melonmania 100g,AZURE,メロンmania 100g
MexiCola メキシコーラ 100g,AZURE,メキシコーラ 100g
Napa Grape ナパグレープ 100g,AZURE,ナパグレープ 100g
Orange My Guava オレンジマイグアバ 100g,AZURE,オレンジマイグアバ 100g
Rio Mint リオミント 100g,AZURE,リオミント 100g
Root Beer ルートビール 100g,AZURE,ルートビール 100g
Route66 ルート66 100g,AZURE,ルート 100g
Royal Mango ロイヤルマンゴー 100g,AZURE,ロイヤルマンゴー 100g
Royal Queen ロイヤルクイーン 100g,AZURE,ロイヤルクイーン 100g
Royal Raspberry ロイヤルラズベリー 100g,AZURE,ロイヤルラズベリー 100g
Tropical Paradise トロピカルパラダイス 100g,AZURE,トロピカルパラダイス 100g
Viva La Horchata 100g,AZURE,【要確認】
Winter Rose 100g,AZURE,winter ローズ 100g
Black Tea 100g,AZURE,ブラック ティー 100g
Green Tea 100g,AZURE,グリーンティー 100g
Carolina Peach 100g,AZURE,carolina ピーチ 100g
POMEGRANATE 100g,AZURE,【要確認】
Passion fruit 100g,AZURE,パッションフルーツ 100g
POMEGRANATE 100g,AZURE,【要確認】
LEMON SAGE 100g,AZURE,レモン sage 100g
Winter peach 100g,AZURE,winter ピーチ 100g
Limoncello 100g,AZURE,レモンcello 100g
strawberry passion,AZURE,ストロベリー passion
KOKUTOU 100g,AZURE,【要確認】
Black MexiCola 100g,AZURE,ブラック mexiコーラ 100g
Black Green Tea 100g,AZURE,ブラック グリーンティー 100g
Black Morocco Mentha 100g,AZURE,ブラック morocco mentha 100g
Black Pineapple 100g,AZURE,ブラック パイナップル 100g
Black Royal Orange 100g,AZURE,ブラック royal オレンジ 100g
Black Lychee 100g,AZURE,ブラック ライチ 100g
Black KOKUTOU 100g,AZURE,ブラック kokutou 100g
Alaskan Ice 100g,AZUREP,alaskan アイス 100g
Apple cider 100g,AZUREP,アップル cider 100g
Barista choice 100g,AZUREP,barista choアイス 100g
Berry Mania 100g,AZUREP,【要確認】
Blueberry muffin 100g,AZUREP,ブルーベリー muffin 100g
Candy 100g,AZUREP,【要確認】
Carifolnia blue 100g,AZUREP,carifolnia ブルー 100g
Chai Masala 100g,AZUREP,【要確認】
Chocolate Cake 100g,AZUREP,チョコレート cake 100g
Cinamon Cookeis 100g,AZUREP,【要確認】
Cocomania 100g,AZUREP,【要確認】
Cool Cucumber 100g,AZUREP,【要確認】
Cosmos 100g,AZUREP,【要確認】
Dubai Apple 100g,AZUREP,dubai アップル 100g
Grow A Pear 100g,AZUREP,【要確認】
Lemon Grass 100g,AZUREP,レモン grass 100g
Lemon Muffin 100g,AZUREP,レモン muffin 100g
Lime 100g,AZUREP,ライム 100g
Limoncello 100g,AZUREP,レモンcello 100g
Lychee 100g,AZUREP,ライチ 100g
Mango Cheesecake 100g,AZUREP,マンゴー cheesecake 100g
Matcha Mint 100g,AZUREP,matcha ミント 100g
Melonmania 100g,AZUREP,メロンmania 100g
MexiCola 100g,AZUREP,mexiコーラ 100g
Napa Grape 100g,AZUREP,napa グレープ 100g
Orange My Guava 100g,AZUREP,オレンジ my グアバ 100g
Tokyo Shisha Passion fruit 100g,AZUREP,tokyo shisha パッションフルーツ 100g
Rio Mint 100g,AZUREP,rio ミント 100g
Root Beer 100g,AZUREP,【要確認】
Route66 100g,AZUREP,【要確認】
Royal Mango 100g,AZUREP,royal マンゴー 100g
Royal Queen 100g,AZUREP,【要確認】
Royal Raspberry 100g,AZUREP,royal ラズベリー 100g
tropical paradise 100g,AZUREP,トロピカル paradise 100g
Viva La Horchata 100g,AZUREP,【要確認】
Winter Rose 100g,AZUREP,winter ローズ 100g
Black Tea 100g,AZUREP,ブラック ティー 100g
Green Tea 100g,AZUREP,グリーンティー 100g
Carolina Peach 100g,AZUREP,carolina ピーチ 100g
POMEGRANATE 100g,AZUREP,【要確認】
Passion fruit 100g,AZUREP,パッションフルーツ 100g
POMEGRANATE 100g,AZUREP,【要確認】
LEMON SAGE 100g,AZUREP,レモン sage 100g
Winter peach 100g,AZUREP,winter ピーチ 100g
KOKUTOU 100g,AZUREP,【要確認】
Strong Lychee 100g,AZUREP,ストロング ライチ 100g
Black MexiCola 100g,AZUREP,ブラック mexiコーラ 100g
Black Green Tea 100g,AZUREP,ブラック グリーンティー 100g
Black Morocco Mentha 100g,AZUREP,ブラック morocco mentha 100g
Black Pineapple 100g,AZUREP,ブラック パイナップル 100g
Black Royal Orange 100g,AZUREP,ブラック royal オレンジ 100g
Black Lychee 100g,AZUREP,ブラック ライチ 100g
Black KOKUTOU 100g,AZUREP,ブラック kokutou 100g
Alaskan Ice アラスカアイス 250g,AZURE250,アラスカアイス 250g
Berry Mania ベリーマニア 250g,AZURE250,ベリーマニア 250g
lemon glass レモングラス 250g,AZURE250,レモングラス 250g
lychee ライチ 250g,AZURE250,ライチ 250g
MexiCola メキシコーラ 250g,AZURE250,メキシコーラ 250g
Napa Grape ナパグレープ 250g,AZURE250,ナパグレープ 250g
Royal Queen ロイヤルクイーン 250g,AZURE250,ロイヤルクイーン 250g
royal raspberry ロイヤルラズベリー 250g,AZURE250,ロイヤルラズベリー 250g
tropical paradise 250g,AZURE250,トロピカル paradise 250g
winter rose 250g,AZURE250,winter ローズ 250g
Tokyo Shisha Black Tea 100g,TOKYOSHISHA,tokyo shisha ブラック ティー 100g
Tokyo Shisha Candy 100g,TOKYOSHISHA,【要確認】
Tokyo Shisha Cinnamon Cookeis 100g,TOKYOSHISHA,tokyo shisha シナモン cookeis 100g
Tokyo Shisha Cosmos 100g,TOKYOSHISHA,【要確認】
Tokyo Shisha DownUnder 100g,TOKYOSHISHA,【要確認】
Tokyo Shisha Green Tea 100g,TOKYOSHISHA,tokyo shisha グリーンティー 100g
Tokyo Shisha HokkaidoMelon 100g,TOKYOSHISHA,tokyo shisha hokkaidoメロン 100g
Tokyo Shisha kokutou 100g,TOKYOSHISHA,【要確認】
Tokyo Shisha Lemon Grass 100g,TOKYOSHISHA,tokyo shisha レモン grass 100g
Tokyo Shisha LEMON SAGE 100g,TOKYOSHISHA,tokyo shisha レモン sage 100g
Tokyo Shisha Lime 100g,TOKYOSHISHA,tokyo shisha ライム 100g
Tokyo Shisha Limoncello 100g,TOKYOSHISHA,tokyo shisha レモンcello 100g
Tokyo Shisha Lychee 100g,TOKYOSHISHA,tokyo shisha ライチ 100g
Tokyo Shisha MexiCola 100g,TOKYOSHISHA,tokyo shisha mexiコーラ 100g
Tokyo Shisha Napa Grape 100g,TOKYOSHISHA,tokyo shisha napa グレープ 100g
Tokyo Shisha Passion fruit 100g,TOKYOSHISHA,tokyo shisha パッションフルーツ 100g
Tokyo Shisha Pomegranate 100g,TOKYOSHISHA,【要確認】
Tokyo Shisha Royal Queen 100g,TOKYOSHISHA,【要確認】
Tokyo Shisha Royal Raspberry 100g,TOKYOSHISHA,tokyo shisha royal ラズベリー 100g
Tokyo Shisha Spiced Berry 100g,TOKYOSHISHA,tokyo shisha スパイスd berry 100g
Tokyo Shisha VanillaBean 100g,TOKYOSHISHA,tokyo shisha バニラbean 100g
Tokyo Shisha Viva La Horchata 100g,TOKYOSHISHA,【要確認】
Tokyo Shisha White gummi bear 100g,TOKYOSHISHA,tokyo shisha ホワイト ガムmi bear 100g
Tokyo Shisha Winter Rose 100g,TOKYOSHISHA,tokyo shisha winter ローズ 100g
ORIGAMI オリガミ 50g,ODUMANBLEND,オリガミ
CHOCO ORANGE チョコオレンジ 50g,ODUMANBLEND,チョコオレンジ
CREAM WITH MINT 50g,ODUMANBLEND,クリーム with ミント
SMOKEN ROLL 50g,ODUMANBLEND,【要確認】
DOUBLE GRAPE 50g,ODUMANBLEND,ダブル グレープ
LTS 50g,ODUMANBLEND,【要確認】
CAPPUCINO 50g,ODUMANBLEND,【要確認】
BAKED PEACH 50g,ODUMANBLEND,baked ピーチ
BERRY MIX 50g,ODUMANBLEND,berry ミックス
VIVIDO 50g,ODUMANBLEND,【要確認】
LEMONCOLIC 50g,ODUMANBLEND,レモンcolic
ICE LEMONADE 50g,ODUMANBLEND,アイス レモネード
MOMS CARROT CAKE 50g,ODUMANBLEND,【要確認】
LONG HOT SUMMER 50g,ODUMANBLEND,【要確認】
WINTER ILLUSION 50g,ODUMANBLEND,【要確認】
JiBiAR Two Apples Gold,JiBiAR,jibiar トゥーアップルs ゴールド
JiBiAR Mint,JiBiAR,jibiar ミント
JiBiAR Vanilla,JiBiAR,jibiar バニラ
JiBiAR Coconut,JiBiAR,jibiar ココナッツ
JiBiAR Pineapple,JiBiAR,jibiar パイナップル
JiBiAR Milk,JiBiAR,jibiar ミルク
JiBiAR Ice,JiBiAR,jibiar アイス
JiBiAR Cardamom,JiBiAR,jibiar カルダモン
JiBiAR Blue Orange,JiBiAR,jibiar ブルー オレンジ
JiBiAR Power Drink,JiBiAR,【要確認】
JiBiAR White Chocolate,JiBiAR,jibiar ホワイト チョコレート
JiBiAR Lemon,JiBiAR,jibiar レモン
JiBiAR Lemon Cake,JiBiAR,jibiar レモン cake
JiBiAR Golden Rose,JiBiAR,jibiar ゴールドen ローズ
JiBiAR Happy Mango,JiBiAR,jibiar happy マンゴー
JiBiAR Ice Bonbon,JiBiAR,jibiar アイス bonbon
JiBiAR Ice Cola,JiBiAR,jibiar アイス コーラ
JiBiAR Pistachio Breeze,JiBiAR,jibiar ピスタチオ breeze
JiBiAR Choco Ice (Plombir),JiBiAR,【要確認】
JiBiAR Tiramisu,JiBiAR,【要確認】
JiBiAR Blueberry,JiBiAR,jibiar ブルーベリー
JiBiAR Blue Mist,JiBiAR,jibiar ブルー mist
JiBiAR Chai Lemon,JiBiAR,jibiar chai レモン
JiBiAR Cigar,JiBiAR,【要確認】
JiBiAR Dejavu,JiBiAR,【要確認】
JiBiAR Paan Raas,JiBiAR,【要確認】
JiBiAR Ice Green Apple,JiBiAR,jibiar アイス グリーン アップル
JiBiAR Chocolate Chill,JiBiAR,jibiar チョコレート chill
JiBiAR Ice Painapple,JiBiAR,jibiar アイス painアップル
JiBiAR Mango Passion,JiBiAR,jibiar マンゴー passion
JiBiAR Ice Cactus,JiBiAR,jibiar アイス カクタス
JiBiAR Paradise Island,JiBiAR,【要確認】
JiBiAR Chinamon Gum,JiBiAR,jibiar chinamon ガム
JiBiAR Lychee,JiBiAR,jibiar ライチ
JiBiAR Lavender,JiBiAR,jibiar ラベンダー
JiBiAR Taiga,JiBiAR,【要確認】
JiBiAR Two Apples,JiBiAR,jibiar トゥーアップルs
JiBiAR Vanilla Latte,JiBiAR,jibiar バニラ latte
JiBiAR Baked Peach,JiBiAR,jibiar baked ピーチ
JiBiAR Banana,JiBiAR,jibiar バナナ
JiBiAR Black Grape,JiBiAR,jibiar ブラック グレープ
JiBiAR Honey,JiBiAR,jibiar ハニー
JiBiAR Strawberry,JiBiAR,jibiar ストロベリー
JiBiAR Yoghurt,JiBiAR,【要確認】
JiBiAR Black tea,JiBiAR,jibiar ブラック ティー
JiBiAR Death ice（Mint Gold）,JiBiAR,jibiar death アイス（ミント ゴールド）
JiBiAR Osmanthus,JiBiAR,【要確認】
JiBiAR CINNAMON CHAI,JiBiAR,jibiar シナモン chai
JiBiAR HAPPY PEAR,JiBiAR,【要確認】
JiBiAR KEY LIME,JiBiAR,jibiar key ライム
JiBiAR MELON,JiBiAR,jibiar メロン
JiBiAR PAN RASNA,JiBiAR,【要確認】
JiBiAR WATERMELON,JiBiAR,jibiar スイカ
Amazon アマゾン 50g MALAKI,MALAKI,アマゾン
Berry ベリー 50g MALAKI,MALAKI,ベリー
Bittersweet ビタースイート 50g MALAKI,MALAKI,ビタースイート
Blue Cloud ブルークラウド 50g MALAKI,MALAKI,ブルークラウド
Blueberry ブルーベリー 50g MALAKI,MALAKI,ブルーベリー
Chocolate Mint チョコレートミント 50g MALAKI,MALAKI,チョコレートミント
Cinnamon Gum シナモンガム 50g MALAKI,MALAKI,シナモンガム
Citrus シトラス 50g MALAKI,MALAKI,シトラス
Cool Breeze クールブリーズ 50g MALAKI,MALAKI,クールブリーズ
Copacabana コパカバーナ 50g MALAKI,MALAKI,コパカバーナ
Creamy Mint クリーミーミント 50g MALAKI,MALAKI,クリーミーミント
Dreamy Love ドリーミーラブ 50g MALAKI,MALAKI,ドリーミーラブ
Granny's Kiss グラニーズキス 50g MALAKI,MALAKI,グラニーズキス
Grape グレープ 50g MALAKI,MALAKI,グレープ
Grape Berry ベリーグレープ 50g MALAKI,MALAKI,ベリーグレープ
Grape Mint グレープミント 50g MALAKI,MALAKI,グレープミント
Gum ガム 50g MALAKI,MALAKI,ガム
Gum Mint ガムミント 50g MALAKI,MALAKI,ガムミント
Lemon レモン 50g MALAKI,MALAKI,レモン
Lemon Mint レモンミント 50g MALAKI,MALAKI,レモンミント
liquorice リコリス 50g MALAKI,MALAKI,リコリス
Mint ミント 50g MALAKI,MALAKI,ミント
Mojito モヒート 50g MALAKI,MALAKI,モヒート
Moontlight ムーンライト 50g MALAKI,MALAKI,ムーンライト
Orange オレンジ 50g MALAKI,MALAKI,オレンジ
Orange Mint オレンジミント 50g MALAKI,MALAKI,オレンジミント
Romance ロマンス 50g MALAKI,MALAKI,ロマンス
Sour Asia サワーアジア 50g MALAKI,MALAKI,サワーアジア
Spectra スペクトラ 50g MALAKI,MALAKI,スペクトラ
Two Apple ツーアップル 50g MALAKI,MALAKI,ツーアップル
Two Apple Mint ツーアップルミント 50g MALAKI,MALAKI,ツーアップルミント
Velvet ベルベット 50g MALAKI,MALAKI,ベルベット
Watermelon ウォーターメロン 50g MALAKI,MALAKI,ウォーターメロン
Watermelon Mint ウォーターメロンミント 50g MALAKI,MALAKI,ウォーターメロンミント
White Peach ホワイトピーチ 50g MALAKI,MALAKI,ホワイトピーチ
Wild ワイルド 50g MALAKI,MALAKI,ワイルド
Malaki Two Apple Diamond ツーアップル ダイヤモンド 50g MALAKI,MALAKI,ツーアップルダイヤモンド
Strawberry ストロベリー 50g MALAKI,MALAKI,ストロベリー
Kiwi キウイ 50g MALAKI,MALAKI,キウイ
Vanilla バニラ 50g MALAKI,MALAKI,バニラ
Gum Mastic ガムマスティック 50g MALAKI,MALAKI,ガムマスティック
・Black Grape（ブラックグレープ）,KHALEEJ,・
・Double Lemon（ダブルレモン）,KHALEEJ,・
・Kiwi（キウイ）,KHALEEJ,・
・Passion Fruit（パッションフルーツ）,KHALEEJ,・
・Peach（ピーチ）,KHALEEJ,・
・Raspberry（ラズベリー）,KHALEEJ,・
・Strawberry（ストロベリー）,KHALEEJ,・
・Super Lemon（スーパーレモン）,KHALEEJ,・
・Green Mint（グリーンミント）,KHALEEJ,・
LIRRA ACAI 50g,LIRRA,【要確認】
LIRRA ICE CANDY 50g,LIRRA,lirra アイス candy
LIRRA ICE GRAPEFRUIT 50g,LIRRA,lirra アイス グレープフルーツ
LIRRA ICE SHOT 50g,LIRRA,lirra アイス shot
LIRRA JUICY MELON 50g,LIRRA,lirra juicy メロン
LIRRA MIMOSA 50g,LIRRA,【要確認】
LIRRA MILK 50g,LIRRA,lirra ミルク
LIRRA PINEAPPLE 50g,LIRRA,lirra パイナップル
LIRRA PISTACHIO BREEZE 50g,LIRRA,lirra ピスタチオ breeze
LIRRA TWO APPLE 50g,LIRRA,lirra トゥーアップル
LIRRA BUBBLE GUM 50g,LIRRA,lirra bubble ガム
LIRRA CARAMEL 50g,LIRRA,lirra キャラメル
LIRRA LEMON 50g,LIRRA,lirra レモン
LIRRA MINT 50g,LIRRA,lirra ミント
LIRRA ROYAL TEA 50g,LIRRA,lirra royal ティー
LIRRA ROSEMARY 50g,LIRRA,lirra ローズmary
LIRRA PEANUTS 50g,LIRRA,lirra peaナッツ
LIRRA ROSE ローズ,LIRRA,ローズ
LIRRA LIME ライム,LIRRA,ライム
LIRRA KASHMIR カシミール,LIRRA,カシミール
LIRRA MOJITO モヒート,LIRRA,モヒート
レモングラス,LIRRA,レモングラス
サクラモチ,LIRRA,サクラモチ
ザマイスター,LIRRA,ザマイスター
ホワイトムスク,LIRRA,ホワイトムスク
イブニングジャスミン,LIRRA,イブニングジャスミン
ジンジャー,LIRRA,ジンジャー
カルダモン,LIRRA,カルダモン
ラズベリー,LIRRA,ラズベリー
popcorn,DAIM,【要確認】
biscuit ビスケット 50g,REVOSHI,ビスケット
TABU banana バナナ 50g,TABU,バナナ
TABU berry sorbel ベリー・ソーベル 50g,TABU,ベリー・ソーベル
TABU berry tic tac ベリーティクタク 50g,TABU,ベリーティクタク
TABU blueberry ブルーベリー 50g,TABU,ブルーベリー
TABU citrus mint シトラスミント 50g,TABU,シトラスミント
TABU cola コーラ 50g,TABU,コーラ
TABU corn sticks コーンスティック 50g,TABU,コーンスティック
TABU feijoa cheesecake フェイジョアチーズケーキ 50g,TABU,フェイジョアチーズケーキ
TABU garnet juice ガーネットジュース 50g,TABU,ガーネットジュース
TABU grape cola グレープコーラ 50g,TABU,グレープコーラ
TABU grape mint グレープミント 50g,TABU,グレープミント
TABU grapefruit グレープフルーツ 50g,TABU,グレープフルーツ
TABU ice アイス 50g,TABU,アイス
TABU jasmine lemonade ジャスミンレモネード 50g,TABU,ジャスミンレモネード
TABU kiwi ripe キウイライプ 50g,TABU,キウイライプ
TABU lemon marmalade レモンマーマレード 50g,TABU,レモンマーマレード
TABU lychee ライチ 50g,TABU,ライチ
TABU mango マンゴー 50g,TABU,マンゴー
TABU melon メロン 50g,TABU,メロン
TABU nuts ナッツ 50g,TABU,ナッツ
TABU orange ( orange soda ) オレンジ（オレンジソーダ） 50g,TABU,オレンジ
TABU passionfruit パッションフルーツ 50g,TABU,パッションフルーツ
TABU peach passionfruit ピーチパッションフルーツ 50g,TABU,ピーチパッションフルーツ
TABU pineapple パイナップル 50g,TABU,パイナップル
TABU pomelo ポメロ 50g,TABU,ポメロ
TABU raspberry ラズベリー 50g,TABU,ラズベリー
TABU strawberry jam ストロベリージャム 50g,TABU,ストロベリージャム
TABU strawberry lychee ストロベリーライチ 50g,TABU,ストロベリーライチ
TABU strawberry ストロベリー 50g,TABU,ストロベリー
TABU tiramisu ティラミス 50g,TABU,ティラミス
TABU tropical juice トロピカルジュース 50g,TABU,トロピカルジュース
TABU wild strawberry needles ワイルドストロベリーニードルズ 50g,TABU,ワイルドストロベリーニードルズ
TABU ziggiy punch ジギーパンチ 50g,TABU,ジギーパンチ
AF BLUEBERRY ブルーベリー 50g,alfakher,ブルーベリー
AF GRAPE グレープ 50g,alfakher,グレープ
AF KIWI キウイ 50g,alfakher,キウイ
AF LEMON レモン 50g,alfakher,レモン
AF MAGIC LOVE マジックラブ 50g,alfakher,マジックラブ
AF MELON メロン 50g,alfakher,メロン
AF MINT ミント 50g,alfakher,ミント
AF ORANGE オレンジ 50g,alfakher,オレンジ
AF PEACH ピーチ 50g,alfakher,ピーチ
AF ROSE ローズ 50g,alfakher,ローズ
AF STRAWBERRY ストロベリー 50g,alfakher,ストロベリー
AF TWO APPLE トゥーアップル 50g,alfakher,トゥーアップル
AF WATER MELON ウォーターメロン 50g,alfakher,ウォーターメロン
AF gum ガム 50g,alfakher,ガム
AF gum with mint 50g,alfakher,af ガム with ミント
AF blueberry(U),alfakherU,【要確認】
AF Cappuccino(U),alfakherU,【要確認】
AF grape(U),alfakherU,【要確認】
AF kiwi(U),alfakherU,【要確認】
AF mint ミント(U),alfakherU,ミント
AF orange(U),alfakherU,【要確認】
AF peach(U),alfakherU,【要確認】
AF two apple(U),alfakherU,【要確認】
AF vanilla(U),alfakherU,【要確認】
AF lemonade with orange,alfakherU,af レモネード with オレンジ
AF mango(UI),alfakher,【要確認】
AF cardamon(UI),alfakher,【要確認】
AF coconut(UI),alfakher,【要確認】
,,
,,
apricot 50g,alfakher2,アプリコット
banana 50g,alfakher2,バナナ
blueberry 50g,alfakher2,ブルーベリー
cappuccino 50g,alfakher2,【要確認】
cardamom カルダモン 50g,alfakher2,カルダモン
cherry 50g,alfakher2,チェリー
chocolate 50g,alfakher2,チョコレート
coconut 50g,alfakher2,ココナッツ
grape 50g,alfakher2,グレープ
grapefruit 50g,alfakher2,グレープフルーツ
grenadine,alfakher2,【要確認】
guava 50g,alfakher2,グアバ
Gum with Mint,alfakher2,ガム with ミント
kiwi 50g,alfakher2,キウイ
Orange 50g,alfakher2,オレンジ
peach 50g,alfakher2,ピーチ
Plum 50g,alfakher2,プラム
strawberry 50g,alfakher2,ストロベリー
two apple 50g,alfakher2,トゥーアップル
vanilla 50g,alfakher2,バニラ
Mojito 50g USパッケージ,alfakher2,パッケージ
lemon 50g,alfakher2,レモン
mango 50g,alfakher2,マンゴー
Rose 50g,alfakher2,ローズ
Watermelon 50g,alfakher2,スイカ
MINT ミント 50g,alfakher2,ミント
,alfakherVP,
Afv Cardamon カルダモン 50g,alfakherVP,カルダモン
Afv Coconut ココナッツ 50g,alfakherVP,ココナッツ
Afv GUAVA グアバ 50g,alfakherVP,グアバ
Afv Mango マンゴー 50g,alfakherVP,マンゴー
Afv Vanilla バニラ 50g,alfakherVP,バニラ
Afv チョコレート 50g,alfakherVP,チョコレート
Afv Blueberry vanilla ice cream ブルーベリーバニラ 50g,alfakherVP,ブルーベリーバニラ
,alfakherUS,
APPLE アップル 50g,alfakherUS,アップル
APRICOT アプリコット 50g,alfakherUS,アプリコット
BANANA バナナ 50g,alfakherUS,バナナ
BERRY ベリー 50g,alfakherUS,ベリー
BUBBLEGUM HUBBLY バブルガムハブリー 50g,alfakherUS,バブルガムハブリー
CAPPUCCINO カプチーノ 50g,alfakherUS,カプチーノ
CHERRY チェリー 50g US,alfakherUS,チェリー
COCONUT ココナッツ 50g,alfakherUS,ココナッツ
FRESH...! フレッシュ 50g,alfakherUS保留,フレッシュ
GRAPEFRUIT グレープフルーツ 50g,alfakherUS,グレープフルーツ
grenadine グレナデン 250G,alfakherUS,グレナデン 250g
grenadine グレナデン 50g,alfakherUS,グレナデン
GUM ガム 50g,alfakherUS,ガム
KIWI キウイ 50g US,alfakherUS,キウイ
lemon with mint 50g,alfakherUS,レモン with ミント
lucid dream ルーシッドドリーム 50g,alfakherUS,ルーシッドドリーム
MANGO マンゴー 50g US,alfakherUS,マンゴー
melon メロン 50g,alfakherUS,メロン
mint with cream クリームミント 50g,alfakherUS,クリームミント
mint ミント 50g,alfakherUS,ミント
mojito モヒート 50g,alfakherUS,モヒート
pineapple,alfakherUS,パイナップル
plum プラム 50g,alfakherUS,プラム
vanilla バニラ 50g,alfakherUS,バニラ
water melon スイカ 50g,alfakherUS,スイカ
ROSE ローズ 50g US,alfakherUS,ローズ
magic love マジックラブ,alfakherUS,マジックラブ
Diamond Dust ダイヤモンドダスト Al Fakher 50g,alfakherUS,ダイヤモンドダスト
Dream Scape ドリームスケープ Al Fakher 50g,alfakherUS,ドリームスケープ
Harvest Moon ハーベストムーン Al Fakher 50g,alfakherUS,ハーベストムーン
blueberry 250g,alfakher250AD,ブルーベリー 250g
grape グレープ 250g,alfakher250AD,グレープ 250g
kiwi 250g,alfakher250AD,キウイ 250g
lemon レモン 250g,alfakher250AD,レモン 250g
mint ミント 250g,alfakher250AD,ミント 250g
peach 250g,alfakher250AD,ピーチ 250g
Rose 250g,alfakher250AD,ローズ 250g
two apple 250g,alfakher250AD,トゥーアップル 250g
Watermelon 250g,alfakher250AD,スイカ 250g
guava 250g,alfakher250AD,グアバ 250g
mango 250g,alfakher250AD,マンゴー 250g
Orange 250g,alfakher250AD,オレンジ 250g
シナモン250ｇ,alfakher250AD,シナモン
cherry 250g 23/10,alfakher250,チェリー 250g 23/10 250g
cinnnamon 250g 23/10,alfakher250,【要確認】
cinnnamon 250g US 22/10exp,alfakher250,【要確認】
coconut 250g 2310exp,alfakher250,ココナッツ 250g 2310exp 250g
coconut 250g,alfakher250,ココナッツ 250g
grape 250g,alfakher250,グレープ 250g
grenadine グレナデン 250G US,alfakher250,グレナデン 250g
lemon 250g 23/10,alfakher250,レモン 250g 23/10 250g
mango 250g,alfakher250,マンゴー 250g
rose 250g,alfakher250,ローズ 250g
strawberry 250g,alfakher250,ストロベリー 250g
water melon 250g 23/10,alfakher250,water メロン 250g 23/10 250g
grenadine グレナデン 250G US,alfakher250,グレナデン 250g
kiwi 250g 23/10,alfakher250,キウイ 250g 23/10 250g
mint 250g,alfakher250,ミント 250g
two apple 250g,alfakher250,トゥーアップル 250g
apple delight,CROWNBAR,アップル deライト
mango freeze,CROWNBAR,マンゴー freeze
simply mint,CROWNBAR,simply ミント
Blueberry,Basic Layalina,ブルーベリー
Cola(コーラ),Basic Layalina,【要確認】
Jasmin(ジャスミン),Basic Layalina,【要確認】
PassionFruit(パッションフルーツ),Basic Layalina,【要確認】
Power booster (パワーブースター),Basic Layalina,【要確認】
Raspberry(ラズベリー),Basic Layalina,【要確認】
AFTER GROW(アフターグロー),Golden Layalina,【要確認】
Blue Heaven(ブルーヘブン),Golden Layalina,【要確認】
Blue Heaven(ブルーヘブン) 250g缶,Golden Layalina250,缶 250g
BTS(ビ-ティーエス),Golden Layalina,【要確認】
Cafe Cream,Golden Layalina,cafe クリーム
Candy Apple,Golden Layalina,candy アップル
Candy Apple 250g,Golden Layalina250,candy アップル 250g
cherry amaretto,Golden Layalina,チェリー アマレット
cherry amaretto 250g,Golden Layalina250,チェリー アマレット 250g
Chocolate Cocoa,Golden Layalina,チョコレート cocoa
Chocolate strawberry,Golden Layalina,チョコレート ストロベリー
Chocolate Cocoa 250g,Golden Layalina250,チョコレート cocoa 250g
Cognac,Golden Layalina,【要確認】
honey berry,Golden Layalina,ハニー berry
Key Lime(キーライム),Golden Layalina,【要確認】
Key Lime(キーライム) 250g缶,Golden Layalina250,缶 250g
MANGOTANGO マンゴタンゴ,Golden Layalina,マンゴタンゴ
Rose Garden(ローズガーデン),Golden Layalina,【要確認】
Rose Garden(ローズガーデン) 250g缶,Golden Layalina250,缶 250g
Strawberry,Golden Layalina,ストロベリー
Tequilla sunrise,Golden Layalina,【要確認】
white grape,Golden Layalina,ホワイト グレープ
Aloha Nights,Eternal Smoke,【要確認】
Blue Lit,Eternal Smoke,ブルー lit
Caribbean Nights,Eternal Smoke,【要確認】
Chilled Wine,Eternal Smoke,chilled ワイン
Chiled Wine 250g,Eternal Smoke250,chiled ワイン 250g
Dark Bean,Eternal Smoke,ダーク bean
Dark Bean 旧,Eternal Smoke,旧
Doulce Banana,Eternal Smoke,doulce バナナ
Houdinis Secret,Eternal Smoke,【要確認】
Intense Pieces,Eternal Smoke,【要確認】
Lemon Lit,Eternal Smoke,レモン lit
Lime Lit,Eternal Smoke,ライム lit
Milkin Cookies,Eternal Smoke,ミルクin クッキーズ
Peach Lit,Eternal Smoke,ピーチ lit
Pistachio Kiss,Eternal Smoke,ピスタチオ kiss
Red Lips,Eternal Smoke,レッド lips
Smoothie Sunshine,Eternal Smoke,【要確認】
Watermelon Lit,Eternal Smoke,スイカ lit
Tropical ball,Eternal Smoke,トロピカル ball
2005 blueberry 100g,tangiers,2005 ブルーベリー 100g
Blitzsturm 100g,tangiers,【要確認】
Blitzsturm 250g,tangiers250,【要確認】
cane mint 100g,tangiers,ケインミント 100g
cane mint 250g,tangiers250,ケインミント 250g
cane mint 250g 箱あり,tangiers250,箱あり 250g
cane mint burley 100g,tangiers,ケインミント burley 100g
cane mint burley 250g TX01,tangiers250,ケインミント burley 250g tx01 250g
cane mint burley 250g TX04 箱あり,tangiers250,箱あり 250g
Brambleberry 100g,tangiers,【要確認】
Cactus fruits 250g,tangiers250,カクタス fruits 250g
Cane Mint Alpha / Noir 100g,tangiers,ケインミント alpha / noir 100g
chocolate iced cream 100g,tangiers,チョコレート アイスd クリーム 100g
Chocolate Mint 100g,tangiers,チョコレート ミント 100g
clove 250g,tangiers250,【要確認】
clove 250g 箱あり,tangiers250,箱あり 250g
cocoa 100g,tangiers,【要確認】
cocoa 250g,tangiers250,【要確認】
Coconuts 250g,tangiers250,ココナッツs 250g
Coconuts 250g 箱あり,tangiers250,箱あり 250g
Eric`s mango 100g,tangiers,eric`s マンゴー 100g
Foreplay on the Peach 100g,tangiers,foreplay on the ピーチ 100g
french jerry 100g,tangiers,【要確認】
Grapefruit 250g,tangiers250,グレープフルーツ 250g
Horchata 100g,tangiers,【要確認】
Horchata 250g,tangiers250,【要確認】
It's Like That One Breakfast Cereal 100g,tangiers,【要確認】
Kashmir 100g,tangiers,【要確認】
Kashmir 250g 箱あり,tangiers250,箱あり 250g
Kashmir Black 100g,tangiers,kashmir ブラック 100g
Kashmir Black 250g,tangiers250,kashmir ブラック 250g
Kashmir Cherry 250g,tangiers250,kashmir チェリー 250g
Kashmir Peach 100g,tangiers,kashmir ピーチ 100g
Kashmir Peach 250g,tangiers250,kashmir ピーチ 250g
kosmic 250g 箱あり,tangiers250,箱あり 250g
Lemon lime 100g,tangiers,レモン ライム 100g
Lemon lime 250g,tangiers250,レモン ライム 250g
lemonglass 100g,tangiers,レモンglass 100g
lime 100g,tangiers,ライム 100g
Little Purple Stuff 100g,tangiers,【要確認】
Maraschino Cherry 100g,tangiers,maraschino チェリー 100g
Mime 100g,tangiers,【要確認】
Mimon 100g,tangiers,【要確認】
new lime 100g,tangiers,new ライム 100g
ololiuqui 100g,tangiers,【要確認】
orange soda 100g,tangiers,オレンジ ソーダ 100g
papaya sorbet 100g,tangiers,パパイヤ ソルベ 100g
Peach Iced Tea 100g,tangiers,ピーチ アイスd ティー 100g
Pear 250g,tangiers250,【要確認】
Pineapple 100g,tangiers,パイナップル 100g
Pink grapefruit 250g,tangiers250,pink グレープフルーツ 250g
Sevilla Orange 100g,tangiers,sevilla オレンジ 100g
Static Starlight 100g,tangiers,static starライト 100g
Tropical Punch 100g,tangiers,トロピカル パンチ 100g
welsh cream 100g,tangiers,ウェルシュクリーム 100g
welsh cream 250g,tangiers250,ウェルシュクリーム 250g
Winter green 100g,tangiers,winter グリーン 100g
AL AMASI Baghdat Nights バグダットナイト 50g,ALAMASI,バグダットナイト
AL AMASI Bergamot World ベルガモットワールド 50g,ALAMASI,ベルガモットワールド
AL AMASI Chocolate チョコレート 50g,ALAMASI,チョコレート
AL AMASI Cola コーラ 50g,ALAMASI,コーラ
AL AMASI Golden Orange ゴールデンオレンジ 50g,ALAMASI,ゴールデンオレンジ
AL AMASI Grape グレープ 50g,ALAMASI,グレープ
AL AMASI Grapefruit グレープフルーツ 50g,ALAMASI,グレープフルーツ
AL AMASI Istanbul Nights イスタンブールナイト 50g,ALAMASI,イスタンブールナイト
AL AMASI Lavender ラベンダー 50g,ALAMASI,ラベンダー
AL AMASI Rose ローズ5 0g,ALAMASI,ローズ 0g
AL AMASI Rum Raisin ラムレーズン 50g,ALAMASI,ラムレーズン
AL AMASI Saffron サフラン 50g,ALAMASI,サフラン
AL AMASI Super guava スーパーグアバ 50g,ALAMASI,スーパーグアバ
AL AMASI Taiga Cedar タイガシダー 50g,ALAMASI,タイガシダー
AL AMASI Turkish Basil ターキッシュバジル 50g,ALAMASI,ターキッシュバジル
AL AMASI Vanilla バニラ50g,ALAMASI,バニラ
AL AMASI Fig フィグ（イチジク) 50g,ALAMASI,フィグイチジク
AL AMASI Green tea グリーンティ 50g,ALAMASI,グリーンティ
AL AMASI Golden kiwi ゴールデンキウイ 50g,ALAMASI,ゴールデンキウイ
AL AMASI Jasmine ジャスミン 50g,ALAMASI,ジャスミン
AL AMASI Honey Milk ハニーミルク 50g,ALAMASI,ハニーミルク
AL AMASI Energy Bull エナジーブル 50g,ALAMASI,エナジーブル
AL AMASI Curry Spice カレースパイス 50g,ALAMASI,カレースパイス
AL AMASI Xylitol Gum キシリトールガム 50g,ALAMASI,キシリトールガム
AL AMASI Walnut クルミ 50g,ALAMASI,クルミ
AL AMASI Chili Sauce チリソース 50g,ALAMASI,チリソース
AL AMASI Paprika パプリカ 50g,ALAMASI,パプリカ
AL AMASI Pan Rasna パンラズナ 50g,ALAMASI,パンラズナ
AL AMASI Blue Guava ブルーグァバ 50g,ALAMASI,ブルーグァバ
Blueberry ブルーベリー 50g Bang Bang バンバン,Bang Bang,ブルーベリーバンバン
Cherry チェリー 50g Bang Bang バンバン,Bang Bang,チェリーバンバン
Double Apple ダブルアップル 50g Bang Bang バンバン,Bang Bang,ダブルアップルバンバン
Lemon Mint レモンミント 50g Bang Bang バンバン,Bang Bang,レモンミントバンバン
Mango マンゴー 50g Bang Bang バンバン,Bang Bang,マンゴーバンバン
Milk ミルク 50g Bang Bang バンバン,Bang Bang,ミルクバンバン
Mint ミント 50g Bang Bang バンバン,Bang Bang,ミントバンバン
Orange オレンジ 50g Bang Bang バンバン,Bang Bang,オレンジバンバン
Peach ピーチ 50g Bang Bang バンバン,Bang Bang,ピーチバンバン
Vanilla バニラ 50g Bang Bang バンバン,Bang Bang,バニラバンバン
Watermelon スイカ 50g Bang Bang バンバン,Bang Bang,スイカバンバン
Blue Guava ブルーグアバ 50g Bang Bang バンバン,Bang Bang,ブルーグアババンバン
Mojito モヒート 50g Bang Bang バンバン,Bang Bang,モヒートバンバン
Red Power レッドパワー 50g Bang Bang バンバン,Bang Bang,レッドパワーバンバン
Pomegranate ザクロ 50g Bang Bang バンバン,Bang Bang,ザクロバンバン
Rasberry CrushF ラズベリークラッシュ 50g Bang Bang バンバン,Bang Bang,ラズベリークラッシュバンバン
カプチーノ 50g Bang Bang バンバン,Bang Bang,カプチーノバンバン
ココミルク 50g Bang Bang バンバン,Bang Bang,ココミルクバンバン
ガム 50g Bang Bang バンバン,Bang Bang,ガムバンバン
アイスグリーンアップル 50g Bang Bang バンバン,Bang Bang,アイスグリーンアップルバンバン
ライム 50g Bang Bang バンバン,Bang Bang,ライムバンバン
ラブ 50g Bang Bang バンバン,Bang Bang,ラブバンバン
マスティックガム 50g Bang Bang バンバン,Bang Bang,マスティックガムバンバン
シナモンガム,Bang Bang,シナモンガム
ビスケット,Bang Bang,ビスケット
レモン,Bang Bang,レモン
アイスプラム,Bang Bang,アイスプラム
アイスグレープ,Bang Bang,アイスグレープ
ホワイトグレープ,Bang Bang,ホワイトグレープ
アイスミント,Bang Bang,アイスミント
【GREGORIAN】FEEL FREE 50g,Bang Bang,【gregorian】feel free
biscuit,REVOSHI,ビスケット
Black Grape,REVOSHI,ブラック グレープ
Eskimo Cola エスキモーコーラ,REVOSHI,エスキモーコーラ
Eskimo lemon エキスモーレモン,REVOSHI,エキスモーレモン
Double apple strong,REVOSHI,ダブルアップル ストロング
Eskimo pineapple,REVOSHI,eskimo パイナップル
popcorn,DAIM,【要確認】
cream biscuit クリームビスケット 200g,smyrna,クリームビスケット 200g
spiced peach スパイスドピーチ 200g,smyrna,スパイスドピーチ 200g
yellow cherry イエローチェリー 200g,smyrna,イエローチェリー 200g
Cola Dragon 50g,ADALYA,コーラ dragon
Lady Killer 50g,ADALYA,【要確認】
LOVE66 50g,ADALYA,【要確認】
Mi Amor 50g,ADALYA,【要確認】
two apple 250g,ADALYA,トゥーアップル 250g
adios 50g,Fantasia,【要確認】
cuban mojito 50g,Fantasia,cuban モヒート
cuban mojito 100g,Fantasia,cuban モヒート 100g
hush honey 50g,Fantasia,hush ハニー
hush honey 100g,Fantasia,hush ハニー 100g
rozy wine 200g,Fantasia,rozy ワイン 200g
wild mango 100g,Fantasia,wild マンゴー 100g
wild mango 200g,Fantasia,wild マンゴー 200g
Yalayl Bluberry Special 50g,Ya Layl,yalayl bluberry スペシャル
Yalayl bubble gum 50g,Ya Layl,yalayl bubble ガム
Yalayl coconut 50g,Ya Layl,yalayl ココナッツ
Yalayl coffee 50g,Ya Layl,yalayl コーヒー
Yalayl cola 50g,Ya Layl,yalayl コーラ
Yalayl cream 50g,Ya Layl,yalayl クリーム
Yalayl kiwi 50g,Ya Layl,yalayl キウイ
Yalayl love XO 50g,Ya Layl,【要確認】
Yalayl mastic gum 50g,Ya Layl,yalayl mastic ガム
Yalayl milk 50g,Ya Layl,yalayl ミルク
Yalayl orange 50g,Ya Layl,yalayl オレンジ
Yalayl pan 50g,Ya Layl,【要確認】
Yalayl passion fruit 50g,Ya Layl,yalayl パッションフルーツ
Yalayl peach 50g,Ya Layl,yalayl ピーチ
Yalayl strawberry 50g,Ya Layl,yalayl ストロベリー
Yalayl vanilla 50g,Ya Layl,yalayl バニラ
Yalayl mojito 50g,Ya Layl,yalayl モヒート
Yalayl watermelon 50g,Ya Layl,yalayl スイカ
Yalayl lemon 50g,Ya Layl,yalayl レモン
Biscuit,DANI,ビスケット
Cardamon,DANI,カルダモン
Cream Berry Marmalade,DANI,クリーム berry marmalade
Dark Mint,DANI,ダーク ミント
DJ,DANI,【要確認】
Dolce De Leche,DANI,【要確認】
Gold Gum Mastic,DANI,ゴールド ガム mastic
Green Apple,DANI,グリーン アップル
Ice Cream Chocolate,DANI,アイス クリーム チョコレート
Istanbul,DANI,【要確認】
Kiwi,DANI,キウイ
Lemon Tree,DANI,レモン tree
Nectarine,DANI,【要確認】
Orange,DANI,オレンジ
Pistachio,DANI,ピスタチオ
Poseidon,DANI,【要確認】
DOZAJBLACK(ドザジブラック) BANGUM 100g,DOZAJBLACK,banガム 100g
DOZAJBLACK(ドザジブラック) BLACK QUEEN 100g,DOZAJBLACK,ブラック queen 100g
DOZAJBLACK(ドザジブラック) BREAKFAST 100g,DOZAJBLACK,【要確認】
DOZAJBLACK(ドザジブラック) BROWNI PEANUT 100g,DOZAJBLACK,【要確認】
DOZAJBLACK(ドザジブラック) bumboo 100g,DOZAJBLACK,【要確認】
DOZAJBLACK(ドザジブラック) CHERRY CASH 100g,DOZAJBLACK,チェリー cash 100g
DOZAJBLACK(ドザジブラック) COOKIE 100g,DOZAJBLACK,クッキー 100g
DOZAJBLACK(ドザジブラック) EL CLASICO 100g,DOZAJBLACK,【要確認】
DOZAJBLACK(ドザジブラック) FOREST BERRY 100g,DOZAJBLACK,【要確認】
DOZAJBLACK(ドザジブラック) HAVANA PURRO 100g,DOZAJBLACK,【要確認】
DOZAJBLACK(ドザジブラック) HOLLAND WAFFLE 100g,DOZAJBLACK,【要確認】
DOZAJBLACK(ドザジブラック) KING OF NECTARINE 100g,DOZAJBLACK,【要確認】
DOZAJBLACK(ドザジブラック) MINT STORM 100g,DOZAJBLACK,ミント storm 100g
DOZAJBLACK(ドザジブラック) MINT STORM液漏れ 100g,DOZAJBLACK,液漏れ 100g
DOZAJBLACK(ドザジブラック) MOROCCO 100g,DOZAJBLACK,【要確認】
DOZAJBLACK(ドザジブラック) Moscow Rose 100g,DOZAJBLACK,moscow ローズ 100g
DOZAJBLACK(ドザジブラック) MUCHO MANGO 100g,DOZAJBLACK,mucho マンゴー 100g
DOZAJBLACK(ドザジブラック) NUTELLE 100g,DOZAJBLACK,【要確認】
DOZAJBLACK(ドザジブラック) PINK FLOYD 100g,DOZAJBLACK,【要確認】
DOZAJBLACK(ドザジブラック) RED CHOCOMINT 100g,DOZAJBLACK,レッド chocoミント 100g
DOZAJBLACK(ドザジブラック) SCHWEPS 100g,DOZAJBLACK,【要確認】
DOZAJBLACK(ドザジブラック) SUBZERO 100g,DOZAJBLACK,【要確認】
DOZAJBLACK(ドザジブラック) SUMMER LOVE 100g,DOZAJBLACK,【要確認】
DOZAJBLACK(ドザジブラック) TEA TIME 100g,DOZAJBLACK,ティー time 100g
DOZAJBLACK(ドザジブラック) TOROPICAL PEARL 100g,DOZAJBLACK,【要確認】
DOZAJBLACK(ドザジブラック) white cash 100g,DOZAJBLACK,ホワイト cash 100g
DOZAJBLACK(ドザジブラック) Darth Wader 100g,DOZAJBLACK,【要確認】
DOZAJBLACK(ドザジブラック) Lime-Lemon 100g,DOZAJBLACK,ライム-レモン 100g
DOZAJBLACK(ドザジブラック) Illegal 100g,DOZAJBLACK,【要確認】
DOZAJBLACK(ドザジブラック) Jamaican Rum 100g,DOZAJBLACK,【要確認】
DOZAJBLACK(ドザジブラック) Walnut Tree 100g,DOZAJBLACK,クルミ tree 100g
DOZAJBLACK(ドザジブラック) Yellow Crumble 100g,DOZAJBLACK,【要確認】
DOZAJBLACK(ドザジブラック) Earl Grey 100g,DOZAJBLACK,【要確認】
DOZAJBLACK(ドザジブラック) Ice Cola 100g,DOZAJBLACK,アイス コーラ 100g
DOZAJBLACK(ドザジブラック) Smoothie 100g,DOZAJBLACK,【要確認】
DOZAJBLACK(ドザジブラック) Cash Peach キャッシュピーチ 100g,DOZAJBLACK,キャッシュピーチ 100g
DOZAJBLACK(ドザジブラック) Pomegranate Juice ザクロジュース 100g,DOZAJBLACK,ザクロジュース 100g
DOZAJBLACK(ドザジブラック) Tiramisu ティラミス 100g,DOZAJBLACK,ティラミス 100g
DOZAJBLACK(ドザジブラック) Dulce De Leche ドルチェデレチェ100g,DOZAJBLACK,ドルチェデレチェ 100g
DOZAJBLACK(ドザジブラック) Pineapple Smoothie パイナップルスムージー 100g,DOZAJBLACK,パイナップルスムージー 100g
DOZAJBLACK(ドザジブラック) Spice Lime Peach スパイスライムピーチ100g,DOZAJBLACK,スパイスライムピーチ 100g
DOZAJBLACK(ドザジブラック) Black Army ブラックアーミー100g,DOZAJBLACK,ブラックアーミー 100g
SEBERO Black Amarena Cherry,SEBERO BLACK,sebero ブラック amarena チェリー
SEBERO Black Apple Juice,SEBERO BLACK,sebero ブラック アップル juアイス
SEBERO Black Barberry New!,SEBERO BLACK,sebero ブラック barberry new!
SEBERO Black Bluebery New!,SEBERO BLACK,sebero ブラック ブルーbery new!
SEBERO Black Bubble gum,SEBERO BLACK,sebero ブラック bubble ガム
SEBERO Black Cactus,SEBERO BLACK,sebero ブラック カクタス
SEBERO Black Cola New!,SEBERO BLACK,sebero ブラック コーラ new!
SEBERO Black Cookie Monster,SEBERO BLACK,sebero ブラック クッキー monster
SEBERO Black Feijoa(Feiberry) New!,SEBERO BLACK,【要確認】
SEBERO Black Garnet,SEBERO BLACK,sebero ブラック garnet
SEBERO Black Grape,SEBERO BLACK,sebero ブラック グレープ
SEBERO Black Grapefruit,SEBERO BLACK,sebero ブラック グレープフルーツ
SEBERO Black Green pear New!,SEBERO BLACK,sebero ブラック グリーン pear new!
SEBERO Black Herbal Currant,SEBERO BLACK,sebero ブラック herbal currant
SEBERO Black Lemon Candy,SEBERO BLACK,sebero ブラック レモン candy
SEBERO Black Limonchello,SEBERO BLACK,sebero ブラック レモンchello
SEBERO Black Mango Yogurt,SEBERO BLACK,sebero ブラック マンゴー ヨーグルト
SEBERO Black Mellow Mango,SEBERO BLACK,sebero ブラック mellow マンゴー
SEBERO Black Prunes,SEBERO BLACK,sebero ブラック prunes
SEBERO Black Root Beer,SEBERO BLACK,sebero ブラック root beer
SEBERO Black Strawberry,SEBERO BLACK,sebero ブラック ストロベリー
SEBERO Black Strawberry-banana,SEBERO BLACK,sebero ブラック ストロベリー-バナナ
SEBERO Black Strawberry-Guava New!,SEBERO BLACK,sebero ブラック ストロベリー-グアバ new!
SEBERO Black TOP,SEBERO BLACK,sebero ブラック top
SEBERO Black Watermelon,SEBERO BLACK,sebero ブラック スイカ
SEBERO Black Western New!,SEBERO BLACK,sebero ブラック western new!
SEBERO Black Wild Berries,SEBERO BLACK,sebero ブラック wild berries
SEBERO Black Bilberry 40g,SEBERO BLACK,sebero ブラック bilberry 40g
SEBERO Black Kiwi 40g,SEBERO BLACK,sebero ブラック キウイ 40g
SEBERO Black Lemon Bomb 40g,SEBERO BLACK,sebero ブラック レモン bomb 40g
SEBERO Black Lemon Waffle 40g,SEBERO BLACK,sebero ブラック レモン waffle 40g
SEBERO Black Mint 40g,SEBERO BLACK,sebero ブラック ミント 40g
SEBERO Black Nitro 40g,SEBERO BLACK,sebero ブラック nitro 40g
SEBERO Black Raspberry 40g,SEBERO BLACK,sebero ブラック ラズベリー 40g
SEBERO Black Sourness 40g,SEBERO BLACK,sebero ブラック sourness 40g
apple アップル 50g,alfakherP,アップル
apricot アプリコット 50g,alfakherP,アプリコット
banana バナナ 50g,alfakherP,バナナ
berry ベリー 50g,alfakherP,ベリー
blueberry ブルーベリー 50g,alfakherP,ブルーベリー
bubblegum hubbly バブルガムハブリー 50g,alfakherP,バブルガムハブリー
Cappuccino カプチーノ 50g,alfakherP,カプチーノ
cardamom カルダモン 50g,alfakherP,カルダモン
cherry チェリー 50g,alfakherP,チェリー
chocolate チョコレート 50g,alfakherP,チョコレート
coconut ココナッツ 50g,alfakherP,ココナッツ
grape グレープ 50g,alfakherP,グレープ
grapefruit グレープフルーツ 50g,alfakherP,グレープフルーツ
grenadine グレナディン 50g,alfakherP,グレナディン
guava グアバ 50g,alfakherP,グアバ
gum ガム 50g,alfakherP,ガム
Gum with Mint ガムミント 50g,alfakherP,ガムミント
kiwi キウイ 50g,alfakherP,キウイ
lemon レモン 50g,alfakherP,レモン
lemon with mint レモンミント 50g,alfakherP,レモンミント
lucid dream ルーシッドドリーム 50g,alfakherP,ルーシッドドリーム
magic love マジックラブ 50g,alfakherP,マジックラブ
mango マンゴー 50g,alfakherP,マンゴー
melon メロン 50g,alfakherP,メロン
mint ミント 50g,alfakherP,ミント
mint with cream ミントクリーム 50g,alfakherP,ミントクリーム
mojito モヒート 50g,alfakherP,モヒート
orange オレンジ 50g,alfakherP,オレンジ
peach ピーチ 50g,alfakherP,ピーチ
pineapple パイナップル 50g,alfakherP,パイナップル
plum プラム 50g,alfakherP,プラム
rose ローズ 50g,alfakherP,ローズ
strawberry ストロベリー 50g,alfakherP,ストロベリー
two apple トゥーアップル 50g,alfakherP,トゥーアップル
vanilla バニラ 50g,alfakherP,バニラ
water melon スイカ 50g,alfakherP,スイカ
BODY,BODY,【要確認】
Kaif S 2nd Edition Gold/ White,KAIF S,kaif s 2nd edition ゴールド/ ホワイト
Kaif S 2nd Edition Steel / White (シルバーホワイト）,KAIF S,シルバーホワイト
"カイフ ""S"" ブラック / オニキス",KAIF S,カイフブラックオニキス
"カイフ ""S"" ブラック / パープル",KAIF S,カイフブラックパープル
"カイフ ""S"" ブラック / ターコイズ",KAIF S,カイフブラックターコイズ
"カイフ ""S"" ブルー / ブラック",KAIF S,カイフブルーブラック
"カイフ ""S"" ブラック / トパーズ",KAIF S,カイフブラックトパーズ
"カイフ ""S"" ブラック / マット",KAIF S,カイフブラックマット
CANE S ゴールド,CANNE S,ゴールド
CANE S シルバー,CANNE S,シルバー
CANE S ブラック,CANNE S,ブラック
Ocean Hookah Kaif 2nd Edition Gold / White,KAIF L,ocean hookah kaif 2nd edition ゴールド / ホワイト
Ocean Hookah Kaif 2nd Edition Steel / White,KAIF L,ocean hookah kaif 2nd edition steel / ホワイト
Angel-mini 本体のみ gold,Angel-mini,本体のみ
Angel-mini 本体のみ,Angel-mini,本体のみ
WD mini GOLD,WD,wd mini ゴールド
WD mini SILVER,WD,wd mini シルバー
アクセサリー,アクセサリー,アクセサリー
premium coconut chacoal,炭P,premium ココナッツ chacoal
premium coconut chacoal フラット 1kg,炭P1,フラット
premium coconut chacoal キューブ 1kg,炭P1,キューブ
premium coconut chacoal フラット 10kg 本州,炭P10KK,フラット本州
premium coconut chacoal キューブ 10kg 本州,炭P10KK,キューブ本州
premium coconut chacoal フラット 20kg 本州,炭P20KK,フラット本州
premium coconut chacoal キューブ 20kg 本州,炭P20KK,キューブ本州
premium coconut chacoal フラット 20kg 九州,炭P20KKK,フラット九州
premium coconut chacoal キューブ 20kg 九州,炭P20KKK,キューブ九州
COCOMELT FLAT 10kg,COCOMELT10k,【要確認】
COCOMELT CUBE22 10kg,COCOMELT10k,【要確認】
COCOMELT CUBE26 10kg,COCOMELT10k,【要確認】
COCOCHILL フラットタイプ1kg,COCOCHILL 1K,フラットタイプ
COCOCHILL フラットタイプ10kg 25×15,COCOCHILL 10K,フラットタイプ
COCOCHILL キューブタイプ 10kg 25㎜,COCOCHILL 10K,キューブタイプ
KINGCO フラットタイプ1kg,炭,フラットタイプ
KINGCO キューブタイプ 1kg,炭,キューブタイプ
KINGCO フラットタイプ10kg,炭K10,フラットタイプ
KINGCO キューブタイプ 10kg,炭K10,キューブタイプ
KINGCO フラットタイプ20kg メーカー直送 関東,炭K20KK,フラットタイプメーカー直送関東
KINGCO キューブタイプ20kg メーカー直送 関東,炭K20KK,キューブタイプメーカー直送関東
COCOTOKYO フラット 1kg,炭T1,フラット
COCOTOKYO キューブ 1kg,炭T1,キューブ
COCOTOKYO 25mmキューブ 1kg,炭T1,キューブ
COCOTOKYO ヘキサ 1kg,炭T1,ヘキサ
COCOTOKYO 25mmキューブ 1kg,炭T1,キューブ
COCOTOKYO フラット 20kg 本州,炭C20KK,フラット本州
COCOTOKYO 22mm キューブ 20kg 本州,炭C20KK,キューブ本州
COCOTOKYO 25mm キューブ 20kg 本州,炭C20KK,キューブ本州
COCOTOKYO ヘキサ 20kg 本州,炭C20KK,ヘキサ本州
COCOTOKYO フラット 20kg 九州,炭C20KKK,フラット九州
COCOTOKYO 22mm キューブ 20kg 九州,炭C20KKK,キューブ九州
COCOTOKYO 25mm キューブ 20kg 九州,炭C20KKK,キューブ九州
COCOTOKYO ヘキサ 20kg 九州,炭C20KKK,ヘキサ九州
ホワイトチャコール フラット 20kg,炭K20HK,ホワイトチャコールフラット
Cobie X フラット17mm 20kg 本州,炭P20KK,フラット本州
Cobie X フラット17mm 20kg 九州,炭P20KKK,フラット九州
Cobie X キューブ25mm 20kg 本州,炭P20KK,キューブ本州
Cobie X キューブ25mm 20kg 九州,炭P20KKK,キューブ九州
Cobie X キューブ22mm 20kg 本州,炭P20KK,キューブ本州
Cobie X キューブ22mm 20kg 九州,炭P20KKK,キューブ九州
マウスピース ロングA アソート １００入,ロングA,マウスピースロングアソート入
マウスピース ロングA ブラック １００入,ロングA,マウスピースロングブラック入
マウスピース ロングB アソート １００入,ロングＢ,マウスピースロングアソート入
マウスピース ロングB ブラック １００入,ロングＢ,マウスピースロングブラック入
マウスピース エクストラロング アソート ５０入,エクストラロング,マウスピースエクストラロングアソート入
マウスピース エクストラロング ブラック ５０入,エクストラロング,マウスピースエクストラロングブラック入
,,
BOWL,BOWL,【要確認】
80feet ESPANA Brown Eyes,Hookah John,【要確認】
80feet ESPANA Brown Eyes,Hookah John,【要確認】
80feet ESPANA Sunbrust,Hookah John,【要確認】
80feet ESPANA Dark Sand,Hookah John,80feet espana ダーク sand
80feet ESPANA Vanilla Silk,Hookah John,80feet espana バニラ silk
80feet ESPANA Ocean Mint,Hookah John,80feet espana ocean ミント
80feet ESPANA Red Eye,Hookah John,80feet espana レッド eye
80feet ESPANA Aurora,Hookah John,【要確認】
80feet Espana 白 素焼きタイプ,Hookah John,白素焼きタイプ
80feet アソート,Hookah John,アソート
HookahJohn Ukraine 80feet Bowl,Hookah John,【要確認】
MARS BOWL Black,MARS BOWL,mars bowl ブラック
MARS BOWL Blue,MARS BOWL,mars bowl ブルー
MARS BOWL Red,MARS BOWL,mars bowl レッド
MARS BOWL Rust,MARS BOWL,【要確認】
BOLT,COSMO,【要確認】
DEAD DRAGON,COSMO,【要確認】
DEAD MUMMY,COSMO,【要確認】
DEAD PREDATOR,COSMO,dead pレッドator
FUTURE DRAGON,COSMO,【要確認】
FUTURE PREDATOR,COSMO,future pレッドator
HORECA DEAD,COSMO,【要確認】
HORECA PHUNNEL,COSMO,【要確認】
SHOT,COSMO,【要確認】
TURKISH CLASSIC,COSMO,turkish クラシック
TURKISH COMBO,COSMO,【要確認】
TURKISH DRAGON,COSMO,【要確認】
TURKISH DRAGON WHITE,COSMO,turkish dragon ホワイト
TURKISH GROOT,COSMO,【要確認】
TURKISH MUMMY,COSMO,【要確認】
TURKISH PHUNNEL SATURN,COSMO,【要確認】
TURKISH PREDATOR,COSMO,turkish pレッドator
Adam Red,ソラリス,adam レッド
Adam White,ソラリス,adam ホワイト
Adam Yellow,ソラリス,【要確認】
Astro,ソラリス,【要確認】
Atlas,ソラリス,【要確認】
Charon,ソラリス,【要確認】
Charon Glaze,ソラリス,【要確認】
Dark Matter,ソラリス,ダーク matter
Deimos,ソラリス,【要確認】
Eva Blue and White,ソラリス,eva ブルー and ホワイト
Eva Green and Black,ソラリス,eva グリーン and ブラック
Eva Red and Black,ソラリス,eva レッド and ブラック
Eva Red and White,ソラリス,eva レッド and ホワイト
Eva Yellow and Black,ソラリス,eva yellow and ブラック
ISIDA,ソラリス,【要確認】
Jupitar,ソラリス,【要確認】
Mars,ソラリス,【要確認】
Mars Glaze,ソラリス,【要確認】
Mercury(外箱なし),ソラリス,【要確認】
MIRA,ソラリス,【要確認】
Moon Limited,ソラリス,【要確認】
Phobos,ソラリス,【要確認】
PHOBOS GLAZED,ソラリス,【要確認】
Pluto,ソラリス,【要確認】
Pluto Glaze,ソラリス,【要確認】
Prometheus,ソラリス,【要確認】
Saturn Limited,ソラリス,【要確認】
SIRIUS,ソラリス,【要確認】
Styx,ソラリス,【要確認】
Styx Red,ソラリス,styx レッド
Styx Yellow,ソラリス,【要確認】
Titan,ソラリス,【要確認】
Titan Glaze,ソラリス,【要確認】
Triton,ソラリス,【要確認】
VEGA,ソラリス,【要確認】
,,
シリコンホース 11mm,シリコンホース011,シリコンホース
PVCホース ブラック,pvcホース001,ホースブラック
PVCホース クリア,pvcホース001,ホースクリア
PVCホースNEW クリアホワイト,pvcホース002,ホースクリアホワイト
PVCホースNEW セミブラック,pvcホース002,ホースセミブラック
PVCホース ブラック PR,pvcホース003,ホースブラック
PVCホース クリア PR,pvcホース003,ホースクリア
BLADE HOOKAH HMS HOTTER,アクセサリー,【要確認】
モダンボトルL ドロップA ドロップA,モダンボトルL,モダンボトルドロップドロップ
モダンボトルL 右 フラスコA,モダンボトルL,モダンボトル右フラスコ
モダンボトルL 右フラスコB,モダンボトルL,モダンボトル右フラスコ
,,
ターキッシュスクリーン70（底面直径70mm）,リッド70,ターキッシュスクリーン
ターキッシュスクリーン66（底面直径66mm） YIMI,リッド66,ターキッシュスクリーン
ターキッシュスクリーン66（底面直径66mm） YIMI 箱入り,リッド67,ターキッシュスクリーン箱入り
ターキッシュスクリーン80（底面直径80mm） ジャンボ,リッドＪＢ,ターキッシュスクリーンジャンボ
SYNC SINK シンクシンク 京都開発 YIMIリッド,SYNC SINK,シンクシンク京都開発リッド
Steamlation,Steamlation,sティーmlation
HMS004,HMS004,【要確認】
相殺,決済調整,相殺
送料,送料,送料
代引き手数料 ～3,送料,代引き手数料
代引き手数料 10～30,送料,代引き手数料
代引き手数料 3～10,送料,代引き手数料
,,
Milk 液漏れ,アウトレットDEBAJ,液漏れ
Amarula,アウトレットDEBAJ,【要確認】
Baunty,アウトレットDEBAJ,【要確認】
Baunty,アウトレットDEBAJ,【要確認】
Cactus,アウトレットDEBAJ,カクタス
Cardamon Milk 23/07 液漏れ,アウトレットDEBAJ,液漏れ
cola,アウトレットDEBAJ,コーラ
Ice cactus grape fruits,アウトレットDEBAJ,アイス カクタス グレープ fruits
Ice orange cream,アウトレットDEBAJ,アイス オレンジ クリーム
Ice Spicy Cola,アウトレットDEBAJ,アイス spicy コーラ
Lime Cake ライムケーキ,アウトレットDEBAJ,ライムケーキ
COCO LEMONADE24/1,アウトレットAfzal,coco レモネード24/1
ICY LEMON TEA,アウトレットAfzal,icy レモン ティー
ICY LEMON TEA,アウトレットAfzal,icy レモン ティー
ICY MINT 23/11,アウトレットAfzal,icy ミント 23/11
ICY MINT,アウトレットAfzal,icy ミント
BERRY BLAST23/8,アウトレットAfzal,【要確認】
Bounty Dream ココナツ チョコ,アウトレットAlfakhamah,ココナツチョコ
Paradise,アウトレットAlfakhamah,【要確認】
Melon,アウトレットAlfakhamah,メロン
Cappucino,アウトレットAlfakhamah,【要確認】
Freeze Passion Fruit Mango,アウトレットAlfakhamah,freeze パッションフルーツ マンゴー
Banana,アウトレットAlfakhamah,バナナ
Pomegranate （ザクロ）,アウトレットAlfakhamah,pomegranate （ザクロ）
Pina Colada,アウトレットAlfakhamah,pina コーラda
Lemon Ginger,アウトレットAlfakhamah,レモン ジンジャー
Chocolate,アウトレットAlfakhamah,チョコレート
Cherry,アウトレットAlfakhamah,チェリー
Grape,アウトレットAlfakhamah,グレープ
Gummy candy,アウトレットAlfakhamah,ガムmy candy
Mint,アウトレットAlfakhamah,ミント
Mojito,アウトレットAlfakhamah,モヒート
Rose,アウトレットAlfakhamah,ローズ
Two Apple,アウトレットAlfakhamah,トゥーアップル
,,
blueberry vanilla ice cream,アウトレットAlfakher,ブルーベリー バニラ アイス クリーム
orange with mint 23/10,アウトレットAlfakher,オレンジ with ミント 23/10
banana23/5,アウトレットAlfakher,バナナ23/5
bubblegum hubbly 22/06,アウトレットAlfakher,バブルガム hubbly 22/06
bubblegum hubbly 23/01,アウトレットAlfakher,バブルガム hubbly 23/01
cherry with mint 22/8,アウトレットAlfakher,チェリー with ミント 22/8
chocolate 23/8,アウトレットAlfakher,チョコレート 23/8
cocktail 22/09,アウトレットAlfakher,【要確認】
grape with berry 21/5,アウトレットAlfakher,グレープ with berry 21/5
grape with mint 22/6,アウトレットAlfakher,グレープ with ミント 22/6
grapefruit mint 23/03,アウトレットAlfakher,グレープフルーツ ミント 23/03
iced raspberry mint 22/04,アウトレットAlfakher,アイスd ラズベリー ミント 22/04
melon 23/04,アウトレットAlfakher,メロン 23/04
orange cream 22/12,アウトレットAlfakher,オレンジ クリーム 22/12
pineapple 22/10,アウトレットAlfakher,パイナップル 22/10
pineapple 22/6,アウトレットAlfakher,パイナップル 22/6
pineapple 23/04,アウトレットAlfakher,パイナップル 23/04
strawberry cream 50g23/03,アウトレットAlfakher,ストロベリー クリーム 50g23/03
two apple mint 22/6 液漏れ,アウトレットAlfakher,液漏れ
two apple mint 23/03,アウトレットAlfakher,トゥーアップル ミント 23/03
water melon 22/9,アウトレットAlfakher,water メロン 22/9
water melon 23/04,アウトレットAlfakher,water メロン 23/04
water melon with mint 22/08,アウトレットAlfakher,water メロン with ミント 22/08
water melon with mint 23/2,アウトレットAlfakher,water メロン with ミント 23/2
cinnnamon 250g 23/10,アウトレットAlfakher250,【要確認】
cinnnamon 250g US 22/10exp,アウトレットAlfakher250,【要確認】
water melon 250g 23/10,アウトレットAlfakher250,water メロン 250g 23/10 250g
TROY(トロイ) Anise アニス 50g,アウトレットTROY,アニス
TROY(トロイ) Baklava バクラバ 50g,アウトレットTROY,バクラバ
TROY(トロイ) Banana Milk バナナミルク 50g,アウトレットTROY,バナナミルク
TROY(トロイ) Beer ビール 50g,アウトレットTROY,ビール
TROY(トロイ) Bergamot Breeze ベルガモットブリーズ 50g,アウトレットTROY,ベルガモットブリーズ
TROY(トロイ) Blue Guava ブルーグアバ 50g,アウトレットTROY,ブルーグアバ
TROY(トロイ) Champagne シャンパン 50g,アウトレットTROY,シャンパン
TROY(トロイ) Garlic Chips ガーリックチップ 50g,アウトレットTROY,ガーリックチップ
TROY(トロイ) Ice Banana アイスバナナ 50g,アウトレットTROY,アイスバナナ
TROY(トロイ) Ice Blueberry アイスブルーベリー 50g,アウトレットTROY,アイスブルーベリー
TROY(トロイ) Ice Orange アイスオレンジ 50g,アウトレットTROY,アイスオレンジ
TROY(トロイ) Ice アイス 50g,アウトレットTROY,アイス
TROY(トロイ) Lemon Biscuit レモンビスケット 50g,アウトレットTROY,レモンビスケット
TROY(トロイ) Melon Milk メロンミルク 50g,アウトレットTROY,メロンミルク
TROY(トロイ) Pistachio ピスタチオ 50g,アウトレットTROY,ピスタチオ
TROY(トロイ) Strawberry Yogurt ストロベリーヨーグルト 50g,アウトレットTROY,ストロベリーヨーグルト
TROY(トロイ) Tequila テキーラ 50g,アウトレットTROY,テキーラ
TROY(トロイ) Honey Milk ハニーミルク 50g,アウトレットTROY,ハニーミルク
TROY(トロイ) Lemon Biscuit レモンビスケット 50g,アウトレットTROY,レモンビスケット
TROY(トロイ) Special Blueberry スペシャルブルーベリー 50g,アウトレットTROY,スペシャルブルーベリー
Blue Guava ブルーグアバ 50g Bang Bang バンバン,アウトレットBang Bang,ブルーグアババンバン
,アウトレットDANI,
,アウトレットDANI,
,アウトレットDANI,
,アウトレットDANI,
,アウトレットDANI,
,アウトレットDANI,
,アウトレットDANI,
,アウトレットDANI,
,アウトレットDANI,
,アウトレットDANI,
,アウトレットDANI,
,アウトレットDANI,
,アウトレットDANI,
,アウトレットDANI,
,アウトレットDANI,
,アウトレットDANI,
