ブランド,ブランド呼称①,ブランド呼称②
DEBAJ,デバジ,
DOZAJ,ドザジ,
Afzal,アフザル,
TROY,トロイ,
Social Smoke,ソーシャルスモーク,
Social Smoke50,ソーシャルスモーク,
Social Smoke250,ソーシャルスモーク 250g,
FUMARI 50g,フマリ,
FUMARI,フマリ,
Pure Tobacco,ピュアタバコ,
Alfakhamah,アルファハマ,
Alfakhamah250,アルファハマ 250g,
SEBERO100,セベロ 100g,
SEBERO40,セベロ,
JENT40,ジェント,
JENT CIGAR 100,ジェントシガー 100g,
JENT CIGAR 20,ジェントシガー,
DARKSIDE100,ダークサイド 100g,
STARLINE50,スターライン,
Starbuzz Vintage,スターバズビンテージ,
Starbuzz E,スターバズE,
Starbuzz E250,スターバズE 250g,
Starbuzz Bold,スターバズボールド,
Trifecta100,トリフェクタ 100g,
Trifecta250,トリフェクタ 250g,
Royal smokin,ロイヤルスモーキン,
Decloud,デクラウド,
Silvercloud,シルバークラウド,
CHABA,チャバ,
AL-WAHA,アルワハ,
AZURE,アジュール,
AZUREP,アジュールP,
AZURE250,アジュール 250g,
TOKYOSHISHA,トーキョーシーシャ,
ODUMANBLEND,オドゥマンブレンド,
JiBiAR,ジビアール,
MALAKI,マラキ,
KHALEEJ,ハリージ,
LIRRA,リラ,
DAIM,ダイム,
REVOSHI,レボシ,
TABU,タブー,
alfakher,アルファヘル,
alfakherU,アルファヘルU,
alfakher2,アルファヘル2,
alfakherVP,アルファヘルVP,
alfakherUS,アルファヘルUS,
alfakherUS保留,アルファヘルUS保留,
alfakher250AD,アルファヘル 250g AD,
alfakher250,アルファヘル 250g,
CROWNBAR,クラウンバー,
Basic Layalina,ベーシックライラ,
Golden Layalina,ゴールデンライラ,
Golden Layalina250,ゴールデンライラ 250g,
Eternal Smoke,エターナルスモーク,
Eternal Smoke250,エターナルスモーク 250g,
tangiers,タンジア,
tangiers250,タンジア 250g,
ALAMASI,アルアマシ,
Bang Bang,バンバン,
smyrna,スミルナ,
ADALYA,アダリア,
Fantasia,ファンタジア,
Ya Layl,ヤレイル,
DANI,ダニ,
DOZAJBLACK,ドザジブラック,
SEBERO BLACK,セベロブラック,
alfakherP,アルファヘルP,
BODY,ボディ,
KAIF S,カイフS,
CANNE S,カンヌS,
KAIF L,カイフL,
Angel-mini,エンジェルミニ,
WD,WD,
アクセサリー,アクセサリー,
炭P,炭P,
炭P1,炭P1,
炭P10KK,炭P10KK,
炭P20KK,炭P20KK,
炭P20KKK,炭P20KKK,
COCOMELT10k,ココメルト10k,
COCOCHILL 1K,ここチル1K,
COCOCHILL 10K,ここチル10K,
炭,炭,
炭K10,炭K10,
炭K20KK,炭K20KK,
炭T1,炭T1,
炭C20KK,【未確定】,
炭C20KKK,【未確定】,
炭K20HK,【未確定】,
ロングA,マウピ,マウスピース
ロングＢ,マウピ,マウスピース
エクストラロング,マウピ,マウスピース
BOWL,ボウル,
Hookah John,フーカジョン,フーカージョン
MARS BOWL,マーズボール,マーズボウル
COSMO,コスモ,
ソラリス,ソラリス,
シリコンホース011,【未確定】,
pvcホース001,【未確定】,
pvcホース002,【未確定】,
pvcホース003,【未確定】,
モダンボトルL,【未確定】,
リッド70,【未確定】,
リッド66,【未確定】,
リッド67,【未確定】,
リッドＪＢ,【未確定】,
SYNC SINK,シンクシンク,
Steamlation,スチームレーション,
HMS004,【未確定】,
決済調整,【未確定】,
送料,【未確定】,
アウトレットDEBAJ,【未確定】,
アウトレットAfzal,【未確定】,
アウトレットAlfakhamah,【未確定】,
アウトレットAlfakher,【未確定】,
アウトレットAlfakher250,【未確定】,
アウトレットTROY,【未確定】,
アウトレットBang Bang,【未確定】,
アウトレットDANI,【未確定】,
